Categorii de biblioteci , Judete, Localitati , Ani, UM: Numar, Valoare
Total, TOTAL, TOTAL, Anul 1995, Numar, 13577
Total, TOTAL, TOTAL, Anul 1996, Numar, 13804
Total, TOTAL, TOTAL, Anul 1997, Numar, 13849
Total, TOTAL, TOTAL, Anul 1998, Numar, 13821
Total, TOTAL, TOTAL, Anul 1999, Numar, 13785
Total, TOTAL, TOTAL, Anul 2000, Numar, 13422
Total, TOTAL, TOTAL, Anul 2001, Numar, 13442
Total, TOTAL, TOTAL, Anul 2002, Numar, 13377
Total, TOTAL, TOTAL, Anul 2003, Numar, 13169
Total, TOTAL, TOTAL, Anul 2004, Numar, 12573
Total, TOTAL, TOTAL, Anul 2005, Numar, 12455
Total, TOTAL, TOTAL, Anul 2006, Numar, 12081
Total, TOTAL, TOTAL, Anul 2007, Numar, 12366
Total, TOTAL, TOTAL, Anul 2008, Numar, 12359
Total, TOTAL, TOTAL, Anul 2009, Numar, 12229
Total, TOTAL, TOTAL, Anul 2010, Numar, 11829
Total, TOTAL, TOTAL, Anul 2011, Numar, 11630
Total, TOTAL, TOTAL, Anul 2012, Numar, 11309
Total, TOTAL, TOTAL, Anul 2013, Numar, 11176
Total, TOTAL, TOTAL, Anul 2014, Numar, 10845
Total, TOTAL, TOTAL, Anul 2015, Numar, 10111
Total, TOTAL, TOTAL, Anul 2016, Numar, 9832
Total, TOTAL, TOTAL, Anul 2017, Numar, 9594
Total, TOTAL, TOTAL, Anul 2018, Numar, 9479
Total, TOTAL, TOTAL, Anul 2019, Numar, 9222
Total, TOTAL, TOTAL, Anul 2020, Numar, 8829
Total, TOTAL, TOTAL, Anul 2021, Numar, 8458
Total, Alba, TOTAL, Anul 1995, Numar, 290
Total, Alba, TOTAL, Anul 1996, Numar, 284
Total, Alba, TOTAL, Anul 1997, Numar, 288
Total, Alba, TOTAL, Anul 1998, Numar, 296
Total, Alba, TOTAL, Anul 1999, Numar, 311
Total, Alba, TOTAL, Anul 2000, Numar, 266
Total, Alba, TOTAL, Anul 2001, Numar, 298
Total, Alba, TOTAL, Anul 2002, Numar, 276
Total, Alba, TOTAL, Anul 2003, Numar, 274
Total, Alba, TOTAL, Anul 2004, Numar, 271
Total, Alba, TOTAL, Anul 2005, Numar, 270
Total, Alba, TOTAL, Anul 2006, Numar, 258
Total, Alba, TOTAL, Anul 2007, Numar, 253
Total, Alba, TOTAL, Anul 2008, Numar, 253
Total, Alba, TOTAL, Anul 2009, Numar, 254
Total, Alba, TOTAL, Anul 2010, Numar, 245
Total, Alba, TOTAL, Anul 2011, Numar, 236
Total, Alba, TOTAL, Anul 2012, Numar, 240
Total, Alba, TOTAL, Anul 2013, Numar, 230
Total, Alba, TOTAL, Anul 2014, Numar, 227
Total, Alba, TOTAL, Anul 2015, Numar, 220
Total, Alba, TOTAL, Anul 2016, Numar, 214
Total, Alba, TOTAL, Anul 2017, Numar, 209
Total, Alba, TOTAL, Anul 2018, Numar, 201
Total, Alba, TOTAL, Anul 2019, Numar, 197
Total, Alba, TOTAL, Anul 2020, Numar, 192
Total, Alba, TOTAL, Anul 2021, Numar, 186
Total, Arad, TOTAL, Anul 1995, Numar, 248
Total, Arad, TOTAL, Anul 1996, Numar, 264
Total, Arad, TOTAL, Anul 1997, Numar, 262
Total, Arad, TOTAL, Anul 1998, Numar, 264
Total, Arad, TOTAL, Anul 1999, Numar, 261
Total, Arad, TOTAL, Anul 2000, Numar, 217
Total, Arad, TOTAL, Anul 2001, Numar, 269
Total, Arad, TOTAL, Anul 2002, Numar, 276
Total, Arad, TOTAL, Anul 2003, Numar, 260
Total, Arad, TOTAL, Anul 2004, Numar, 245
Total, Arad, TOTAL, Anul 2005, Numar, 232
Total, Arad, TOTAL, Anul 2006, Numar, 236
Total, Arad, TOTAL, Anul 2007, Numar, 249
Total, Arad, TOTAL, Anul 2008, Numar, 248
Total, Arad, TOTAL, Anul 2009, Numar, 233
Total, Arad, TOTAL, Anul 2010, Numar, 242
Total, Arad, TOTAL, Anul 2011, Numar, 234
Total, Arad, TOTAL, Anul 2012, Numar, 237
Total, Arad, TOTAL, Anul 2013, Numar, 251
Total, Arad, TOTAL, Anul 2014, Numar, 239
Total, Arad, TOTAL, Anul 2015, Numar, 212
Total, Arad, TOTAL, Anul 2016, Numar, 203
Total, Arad, TOTAL, Anul 2017, Numar, 199
Total, Arad, TOTAL, Anul 2018, Numar, 200
Total, Arad, TOTAL, Anul 2019, Numar, 200
Total, Arad, TOTAL, Anul 2020, Numar, 196
Total, Arad, TOTAL, Anul 2021, Numar, 179
Total, Arges, TOTAL, Anul 1995, Numar, 625
Total, Arges, TOTAL, Anul 1996, Numar, 634
Total, Arges, TOTAL, Anul 1997, Numar, 623
Total, Arges, TOTAL, Anul 1998, Numar, 596
Total, Arges, TOTAL, Anul 1999, Numar, 599
Total, Arges, TOTAL, Anul 2000, Numar, 564
Total, Arges, TOTAL, Anul 2001, Numar, 562
Total, Arges, TOTAL, Anul 2002, Numar, 569
Total, Arges, TOTAL, Anul 2003, Numar, 572
Total, Arges, TOTAL, Anul 2004, Numar, 422
Total, Arges, TOTAL, Anul 2005, Numar, 420
Total, Arges, TOTAL, Anul 2006, Numar, 421
Total, Arges, TOTAL, Anul 2007, Numar, 549
Total, Arges, TOTAL, Anul 2008, Numar, 542
Total, Arges, TOTAL, Anul 2009, Numar, 531
Total, Arges, TOTAL, Anul 2010, Numar, 508
Total, Arges, TOTAL, Anul 2011, Numar, 481
Total, Arges, TOTAL, Anul 2012, Numar, 470
Total, Arges, TOTAL, Anul 2013, Numar, 445
Total, Arges, TOTAL, Anul 2014, Numar, 429
Total, Arges, TOTAL, Anul 2015, Numar, 401
Total, Arges, TOTAL, Anul 2016, Numar, 386
Total, Arges, TOTAL, Anul 2017, Numar, 376
Total, Arges, TOTAL, Anul 2018, Numar, 368
Total, Arges, TOTAL, Anul 2019, Numar, 355
Total, Arges, TOTAL, Anul 2020, Numar, 339
Total, Arges, TOTAL, Anul 2021, Numar, 328
Total, Bacau, TOTAL, Anul 1995, Numar, 496
Total, Bacau, TOTAL, Anul 1996, Numar, 497
Total, Bacau, TOTAL, Anul 1997, Numar, 482
Total, Bacau, TOTAL, Anul 1998, Numar, 486
Total, Bacau, TOTAL, Anul 1999, Numar, 473
Total, Bacau, TOTAL, Anul 2000, Numar, 469
Total, Bacau, TOTAL, Anul 2001, Numar, 468
Total, Bacau, TOTAL, Anul 2002, Numar, 463
Total, Bacau, TOTAL, Anul 2003, Numar, 460
Total, Bacau, TOTAL, Anul 2004, Numar, 435
Total, Bacau, TOTAL, Anul 2005, Numar, 431
Total, Bacau, TOTAL, Anul 2006, Numar, 431
Total, Bacau, TOTAL, Anul 2007, Numar, 425
Total, Bacau, TOTAL, Anul 2008, Numar, 419
Total, Bacau, TOTAL, Anul 2009, Numar, 408
Total, Bacau, TOTAL, Anul 2010, Numar, 388
Total, Bacau, TOTAL, Anul 2011, Numar, 380
Total, Bacau, TOTAL, Anul 2012, Numar, 380
Total, Bacau, TOTAL, Anul 2013, Numar, 386
Total, Bacau, TOTAL, Anul 2014, Numar, 382
Total, Bacau, TOTAL, Anul 2015, Numar, 371
Total, Bacau, TOTAL, Anul 2016, Numar, 364
Total, Bacau, TOTAL, Anul 2017, Numar, 358
Total, Bacau, TOTAL, Anul 2018, Numar, 357
Total, Bacau, TOTAL, Anul 2019, Numar, 350
Total, Bacau, TOTAL, Anul 2020, Numar, 336
Total, Bacau, TOTAL, Anul 2021, Numar, 303
Total, Bihor, TOTAL, Anul 1995, Numar, 421
Total, Bihor, TOTAL, Anul 1996, Numar, 414
Total, Bihor, TOTAL, Anul 1997, Numar, 451
Total, Bihor, TOTAL, Anul 1998, Numar, 446
Total, Bihor, TOTAL, Anul 1999, Numar, 453
Total, Bihor, TOTAL, Anul 2000, Numar, 433
Total, Bihor, TOTAL, Anul 2001, Numar, 429
Total, Bihor, TOTAL, Anul 2002, Numar, 421
Total, Bihor, TOTAL, Anul 2003, Numar, 421
Total, Bihor, TOTAL, Anul 2004, Numar, 380
Total, Bihor, TOTAL, Anul 2005, Numar, 378
Total, Bihor, TOTAL, Anul 2006, Numar, 366
Total, Bihor, TOTAL, Anul 2007, Numar, 383
Total, Bihor, TOTAL, Anul 2008, Numar, 382
Total, Bihor, TOTAL, Anul 2009, Numar, 389
Total, Bihor, TOTAL, Anul 2010, Numar, 371
Total, Bihor, TOTAL, Anul 2011, Numar, 375
Total, Bihor, TOTAL, Anul 2012, Numar, 369
Total, Bihor, TOTAL, Anul 2013, Numar, 300
Total, Bihor, TOTAL, Anul 2014, Numar, 308
Total, Bihor, TOTAL, Anul 2015, Numar, 288
Total, Bihor, TOTAL, Anul 2016, Numar, 285
Total, Bihor, TOTAL, Anul 2017, Numar, 284
Total, Bihor, TOTAL, Anul 2018, Numar, 280
Total, Bihor, TOTAL, Anul 2019, Numar, 273
Total, Bihor, TOTAL, Anul 2020, Numar, 258
Total, Bihor, TOTAL, Anul 2021, Numar, 252
Total, Bistrita-Nasaud, TOTAL, Anul 1995, Numar, 257
Total, Bistrita-Nasaud, TOTAL, Anul 1996, Numar, 258
Total, Bistrita-Nasaud, TOTAL, Anul 1997, Numar, 260
Total, Bistrita-Nasaud, TOTAL, Anul 1998, Numar, 252
Total, Bistrita-Nasaud, TOTAL, Anul 1999, Numar, 248
Total, Bistrita-Nasaud, TOTAL, Anul 2000, Numar, 244
Total, Bistrita-Nasaud, TOTAL, Anul 2001, Numar, 251
Total, Bistrita-Nasaud, TOTAL, Anul 2002, Numar, 238
Total, Bistrita-Nasaud, TOTAL, Anul 2003, Numar, 231
Total, Bistrita-Nasaud, TOTAL, Anul 2004, Numar, 220
Total, Bistrita-Nasaud, TOTAL, Anul 2005, Numar, 234
Total, Bistrita-Nasaud, TOTAL, Anul 2006, Numar, 231
Total, Bistrita-Nasaud, TOTAL, Anul 2007, Numar, 230
Total, Bistrita-Nasaud, TOTAL, Anul 2008, Numar, 231
Total, Bistrita-Nasaud, TOTAL, Anul 2009, Numar, 243
Total, Bistrita-Nasaud, TOTAL, Anul 2010, Numar, 241
Total, Bistrita-Nasaud, TOTAL, Anul 2011, Numar, 231
Total, Bistrita-Nasaud, TOTAL, Anul 2012, Numar, 209
Total, Bistrita-Nasaud, TOTAL, Anul 2013, Numar, 220
Total, Bistrita-Nasaud, TOTAL, Anul 2014, Numar, 228
Total, Bistrita-Nasaud, TOTAL, Anul 2015, Numar, 220
Total, Bistrita-Nasaud, TOTAL, Anul 2016, Numar, 219
Total, Bistrita-Nasaud, TOTAL, Anul 2017, Numar, 203
Total, Bistrita-Nasaud, TOTAL, Anul 2018, Numar, 199
Total, Bistrita-Nasaud, TOTAL, Anul 2019, Numar, 171
Total, Bistrita-Nasaud, TOTAL, Anul 2020, Numar, 162
Total, Bistrita-Nasaud, TOTAL, Anul 2021, Numar, 165
Total, Botosani, TOTAL, Anul 1995, Numar, 326
Total, Botosani, TOTAL, Anul 1996, Numar, 310
Total, Botosani, TOTAL, Anul 1997, Numar, 311
Total, Botosani, TOTAL, Anul 1998, Numar, 318
Total, Botosani, TOTAL, Anul 1999, Numar, 323
Total, Botosani, TOTAL, Anul 2000, Numar, 315
Total, Botosani, TOTAL, Anul 2001, Numar, 319
Total, Botosani, TOTAL, Anul 2002, Numar, 320
Total, Botosani, TOTAL, Anul 2003, Numar, 333
Total, Botosani, TOTAL, Anul 2004, Numar, 304
Total, Botosani, TOTAL, Anul 2005, Numar, 305
Total, Botosani, TOTAL, Anul 2006, Numar, 324
Total, Botosani, TOTAL, Anul 2007, Numar, 266
Total, Botosani, TOTAL, Anul 2008, Numar, 267
Total, Botosani, TOTAL, Anul 2009, Numar, 271
Total, Botosani, TOTAL, Anul 2010, Numar, 242
Total, Botosani, TOTAL, Anul 2011, Numar, 238
Total, Botosani, TOTAL, Anul 2012, Numar, 240
Total, Botosani, TOTAL, Anul 2013, Numar, 291
Total, Botosani, TOTAL, Anul 2014, Numar, 273
Total, Botosani, TOTAL, Anul 2015, Numar, 268
Total, Botosani, TOTAL, Anul 2016, Numar, 260
Total, Botosani, TOTAL, Anul 2017, Numar, 256
Total, Botosani, TOTAL, Anul 2018, Numar, 247
Total, Botosani, TOTAL, Anul 2019, Numar, 250
Total, Botosani, TOTAL, Anul 2020, Numar, 237
Total, Botosani, TOTAL, Anul 2021, Numar, 230
Total, Brasov, TOTAL, Anul 1995, Numar, 336
Total, Brasov, TOTAL, Anul 1996, Numar, 333
Total, Brasov, TOTAL, Anul 1997, Numar, 354
Total, Brasov, TOTAL, Anul 1998, Numar, 342
Total, Brasov, TOTAL, Anul 1999, Numar, 342
Total, Brasov, TOTAL, Anul 2000, Numar, 342
Total, Brasov, TOTAL, Anul 2001, Numar, 340
Total, Brasov, TOTAL, Anul 2002, Numar, 334
Total, Brasov, TOTAL, Anul 2003, Numar, 327
Total, Brasov, TOTAL, Anul 2004, Numar, 295
Total, Brasov, TOTAL, Anul 2005, Numar, 276
Total, Brasov, TOTAL, Anul 2006, Numar, 260
Total, Brasov, TOTAL, Anul 2007, Numar, 227
Total, Brasov, TOTAL, Anul 2008, Numar, 216
Total, Brasov, TOTAL, Anul 2009, Numar, 231
Total, Brasov, TOTAL, Anul 2010, Numar, 218
Total, Brasov, TOTAL, Anul 2011, Numar, 202
Total, Brasov, TOTAL, Anul 2012, Numar, 213
Total, Brasov, TOTAL, Anul 2013, Numar, 209
Total, Brasov, TOTAL, Anul 2014, Numar, 234
Total, Brasov, TOTAL, Anul 2015, Numar, 226
Total, Brasov, TOTAL, Anul 2016, Numar, 217
Total, Brasov, TOTAL, Anul 2017, Numar, 211
Total, Brasov, TOTAL, Anul 2018, Numar, 211
Total, Brasov, TOTAL, Anul 2019, Numar, 207
Total, Brasov, TOTAL, Anul 2020, Numar, 202
Total, Brasov, TOTAL, Anul 2021, Numar, 205
Total, Braila, TOTAL, Anul 1995, Numar, 209
Total, Braila, TOTAL, Anul 1996, Numar, 215
Total, Braila, TOTAL, Anul 1997, Numar, 218
Total, Braila, TOTAL, Anul 1998, Numar, 217
Total, Braila, TOTAL, Anul 1999, Numar, 216
Total, Braila, TOTAL, Anul 2000, Numar, 206
Total, Braila, TOTAL, Anul 2001, Numar, 200
Total, Braila, TOTAL, Anul 2002, Numar, 201
Total, Braila, TOTAL, Anul 2003, Numar, 198
Total, Braila, TOTAL, Anul 2004, Numar, 207
Total, Braila, TOTAL, Anul 2005, Numar, 196
Total, Braila, TOTAL, Anul 2006, Numar, 193
Total, Braila, TOTAL, Anul 2007, Numar, 197
Total, Braila, TOTAL, Anul 2008, Numar, 195
Total, Braila, TOTAL, Anul 2009, Numar, 195
Total, Braila, TOTAL, Anul 2010, Numar, 187
Total, Braila, TOTAL, Anul 2011, Numar, 189
Total, Braila, TOTAL, Anul 2012, Numar, 179
Total, Braila, TOTAL, Anul 2013, Numar, 173
Total, Braila, TOTAL, Anul 2014, Numar, 163
Total, Braila, TOTAL, Anul 2015, Numar, 158
Total, Braila, TOTAL, Anul 2016, Numar, 157
Total, Braila, TOTAL, Anul 2017, Numar, 151
Total, Braila, TOTAL, Anul 2018, Numar, 150
Total, Braila, TOTAL, Anul 2019, Numar, 148
Total, Braila, TOTAL, Anul 2020, Numar, 144
Total, Braila, TOTAL, Anul 2021, Numar, 135
Total, Buzau, TOTAL, Anul 1995, Numar, 305
Total, Buzau, TOTAL, Anul 1996, Numar, 346
Total, Buzau, TOTAL, Anul 1997, Numar, 338
Total, Buzau, TOTAL, Anul 1998, Numar, 338
Total, Buzau, TOTAL, Anul 1999, Numar, 348
Total, Buzau, TOTAL, Anul 2000, Numar, 343
Total, Buzau, TOTAL, Anul 2001, Numar, 337
Total, Buzau, TOTAL, Anul 2002, Numar, 334
Total, Buzau, TOTAL, Anul 2003, Numar, 329
Total, Buzau, TOTAL, Anul 2004, Numar, 329
Total, Buzau, TOTAL, Anul 2005, Numar, 329
Total, Buzau, TOTAL, Anul 2006, Numar, 328
Total, Buzau, TOTAL, Anul 2007, Numar, 319
Total, Buzau, TOTAL, Anul 2008, Numar, 322
Total, Buzau, TOTAL, Anul 2009, Numar, 322
Total, Buzau, TOTAL, Anul 2010, Numar, 318
Total, Buzau, TOTAL, Anul 2011, Numar, 314
Total, Buzau, TOTAL, Anul 2012, Numar, 309
Total, Buzau, TOTAL, Anul 2013, Numar, 281
Total, Buzau, TOTAL, Anul 2014, Numar, 273
Total, Buzau, TOTAL, Anul 2015, Numar, 258
Total, Buzau, TOTAL, Anul 2016, Numar, 247
Total, Buzau, TOTAL, Anul 2017, Numar, 241
Total, Buzau, TOTAL, Anul 2018, Numar, 235
Total, Buzau, TOTAL, Anul 2019, Numar, 230
Total, Buzau, TOTAL, Anul 2020, Numar, 218
Total, Buzau, TOTAL, Anul 2021, Numar, 215
Total, Caras-Severin, TOTAL, Anul 1995, Numar, 270
Total, Caras-Severin, TOTAL, Anul 1996, Numar, 271
Total, Caras-Severin, TOTAL, Anul 1997, Numar, 279
Total, Caras-Severin, TOTAL, Anul 1998, Numar, 271
Total, Caras-Severin, TOTAL, Anul 1999, Numar, 281
Total, Caras-Severin, TOTAL, Anul 2000, Numar, 274
Total, Caras-Severin, TOTAL, Anul 2001, Numar, 281
Total, Caras-Severin, TOTAL, Anul 2002, Numar, 276
Total, Caras-Severin, TOTAL, Anul 2003, Numar, 274
Total, Caras-Severin, TOTAL, Anul 2004, Numar, 252
Total, Caras-Severin, TOTAL, Anul 2005, Numar, 246
Total, Caras-Severin, TOTAL, Anul 2006, Numar, 243
Total, Caras-Severin, TOTAL, Anul 2007, Numar, 241
Total, Caras-Severin, TOTAL, Anul 2008, Numar, 233
Total, Caras-Severin, TOTAL, Anul 2009, Numar, 230
Total, Caras-Severin, TOTAL, Anul 2010, Numar, 229
Total, Caras-Severin, TOTAL, Anul 2011, Numar, 302
Total, Caras-Severin, TOTAL, Anul 2012, Numar, 295
Total, Caras-Severin, TOTAL, Anul 2013, Numar, 264
Total, Caras-Severin, TOTAL, Anul 2014, Numar, 244
Total, Caras-Severin, TOTAL, Anul 2015, Numar, 176
Total, Caras-Severin, TOTAL, Anul 2016, Numar, 170
Total, Caras-Severin, TOTAL, Anul 2017, Numar, 166
Total, Caras-Severin, TOTAL, Anul 2018, Numar, 166
Total, Caras-Severin, TOTAL, Anul 2019, Numar, 165
Total, Caras-Severin, TOTAL, Anul 2020, Numar, 162
Total, Caras-Severin, TOTAL, Anul 2021, Numar, 151
Total, Calarasi, TOTAL, Anul 1995, Numar, 212
Total, Calarasi, TOTAL, Anul 1996, Numar, 216
Total, Calarasi, TOTAL, Anul 1997, Numar, 218
Total, Calarasi, TOTAL, Anul 1998, Numar, 218
Total, Calarasi, TOTAL, Anul 1999, Numar, 211
Total, Calarasi, TOTAL, Anul 2000, Numar, 211
Total, Calarasi, TOTAL, Anul 2001, Numar, 207
Total, Calarasi, TOTAL, Anul 2002, Numar, 207
Total, Calarasi, TOTAL, Anul 2003, Numar, 205
Total, Calarasi, TOTAL, Anul 2004, Numar, 200
Total, Calarasi, TOTAL, Anul 2005, Numar, 201
Total, Calarasi, TOTAL, Anul 2006, Numar, 197
Total, Calarasi, TOTAL, Anul 2007, Numar, 196
Total, Calarasi, TOTAL, Anul 2008, Numar, 192
Total, Calarasi, TOTAL, Anul 2009, Numar, 186
Total, Calarasi, TOTAL, Anul 2010, Numar, 172
Total, Calarasi, TOTAL, Anul 2011, Numar, 170
Total, Calarasi, TOTAL, Anul 2012, Numar, 174
Total, Calarasi, TOTAL, Anul 2013, Numar, 156
Total, Calarasi, TOTAL, Anul 2014, Numar, 153
Total, Calarasi, TOTAL, Anul 2015, Numar, 145
Total, Calarasi, TOTAL, Anul 2016, Numar, 150
Total, Calarasi, TOTAL, Anul 2017, Numar, 149
Total, Calarasi, TOTAL, Anul 2018, Numar, 149
Total, Calarasi, TOTAL, Anul 2019, Numar, 145
Total, Calarasi, TOTAL, Anul 2020, Numar, 140
Total, Calarasi, TOTAL, Anul 2021, Numar, 130
Total, Cluj, TOTAL, Anul 1995, Numar, 443
Total, Cluj, TOTAL, Anul 1996, Numar, 452
Total, Cluj, TOTAL, Anul 1997, Numar, 461
Total, Cluj, TOTAL, Anul 1998, Numar, 463
Total, Cluj, TOTAL, Anul 1999, Numar, 460
Total, Cluj, TOTAL, Anul 2000, Numar, 454
Total, Cluj, TOTAL, Anul 2001, Numar, 450
Total, Cluj, TOTAL, Anul 2002, Numar, 460
Total, Cluj, TOTAL, Anul 2003, Numar, 439
Total, Cluj, TOTAL, Anul 2004, Numar, 437
Total, Cluj, TOTAL, Anul 2005, Numar, 403
Total, Cluj, TOTAL, Anul 2006, Numar, 432
Total, Cluj, TOTAL, Anul 2007, Numar, 420
Total, Cluj, TOTAL, Anul 2008, Numar, 412
Total, Cluj, TOTAL, Anul 2009, Numar, 394
Total, Cluj, TOTAL, Anul 2010, Numar, 379
Total, Cluj, TOTAL, Anul 2011, Numar, 372
Total, Cluj, TOTAL, Anul 2012, Numar, 361
Total, Cluj, TOTAL, Anul 2013, Numar, 355
Total, Cluj, TOTAL, Anul 2014, Numar, 342
Total, Cluj, TOTAL, Anul 2015, Numar, 314
Total, Cluj, TOTAL, Anul 2016, Numar, 304
Total, Cluj, TOTAL, Anul 2017, Numar, 293
Total, Cluj, TOTAL, Anul 2018, Numar, 289
Total, Cluj, TOTAL, Anul 2019, Numar, 277
Total, Cluj, TOTAL, Anul 2020, Numar, 272
Total, Cluj, TOTAL, Anul 2021, Numar, 266
Total, Constanta, TOTAL, Anul 1995, Numar, 289
Total, Constanta, TOTAL, Anul 1996, Numar, 296
Total, Constanta, TOTAL, Anul 1997, Numar, 303
Total, Constanta, TOTAL, Anul 1998, Numar, 308
Total, Constanta, TOTAL, Anul 1999, Numar, 303
Total, Constanta, TOTAL, Anul 2000, Numar, 299
Total, Constanta, TOTAL, Anul 2001, Numar, 304
Total, Constanta, TOTAL, Anul 2002, Numar, 309
Total, Constanta, TOTAL, Anul 2003, Numar, 300
Total, Constanta, TOTAL, Anul 2004, Numar, 297
Total, Constanta, TOTAL, Anul 2005, Numar, 294
Total, Constanta, TOTAL, Anul 2006, Numar, 307
Total, Constanta, TOTAL, Anul 2007, Numar, 329
Total, Constanta, TOTAL, Anul 2008, Numar, 335
Total, Constanta, TOTAL, Anul 2009, Numar, 343
Total, Constanta, TOTAL, Anul 2010, Numar, 325
Total, Constanta, TOTAL, Anul 2011, Numar, 316
Total, Constanta, TOTAL, Anul 2012, Numar, 293
Total, Constanta, TOTAL, Anul 2013, Numar, 280
Total, Constanta, TOTAL, Anul 2014, Numar, 281
Total, Constanta, TOTAL, Anul 2015, Numar, 273
Total, Constanta, TOTAL, Anul 2016, Numar, 264
Total, Constanta, TOTAL, Anul 2017, Numar, 253
Total, Constanta, TOTAL, Anul 2018, Numar, 249
Total, Constanta, TOTAL, Anul 2019, Numar, 234
Total, Constanta, TOTAL, Anul 2020, Numar, 229
Total, Constanta, TOTAL, Anul 2021, Numar, 221
Total, Covasna, TOTAL, Anul 1995, Numar, 223
Total, Covasna, TOTAL, Anul 1996, Numar, 226
Total, Covasna, TOTAL, Anul 1997, Numar, 218
Total, Covasna, TOTAL, Anul 1998, Numar, 219
Total, Covasna, TOTAL, Anul 1999, Numar, 218
Total, Covasna, TOTAL, Anul 2000, Numar, 192
Total, Covasna, TOTAL, Anul 2001, Numar, 193
Total, Covasna, TOTAL, Anul 2002, Numar, 200
Total, Covasna, TOTAL, Anul 2003, Numar, 202
Total, Covasna, TOTAL, Anul 2004, Numar, 206
Total, Covasna, TOTAL, Anul 2005, Numar, 204
Total, Covasna, TOTAL, Anul 2006, Numar, 199
Total, Covasna, TOTAL, Anul 2007, Numar, 199
Total, Covasna, TOTAL, Anul 2008, Numar, 195
Total, Covasna, TOTAL, Anul 2009, Numar, 184
Total, Covasna, TOTAL, Anul 2010, Numar, 177
Total, Covasna, TOTAL, Anul 2011, Numar, 179
Total, Covasna, TOTAL, Anul 2012, Numar, 176
Total, Covasna, TOTAL, Anul 2013, Numar, 168
Total, Covasna, TOTAL, Anul 2014, Numar, 171
Total, Covasna, TOTAL, Anul 2015, Numar, 155
Total, Covasna, TOTAL, Anul 2016, Numar, 151
Total, Covasna, TOTAL, Anul 2017, Numar, 151
Total, Covasna, TOTAL, Anul 2018, Numar, 149
Total, Covasna, TOTAL, Anul 2019, Numar, 142
Total, Covasna, TOTAL, Anul 2020, Numar, 133
Total, Covasna, TOTAL, Anul 2021, Numar, 119
Total, Dambovita, TOTAL, Anul 1995, Numar, 348
Total, Dambovita, TOTAL, Anul 1996, Numar, 357
Total, Dambovita, TOTAL, Anul 1997, Numar, 338
Total, Dambovita, TOTAL, Anul 1998, Numar, 368
Total, Dambovita, TOTAL, Anul 1999, Numar, 350
Total, Dambovita, TOTAL, Anul 2000, Numar, 362
Total, Dambovita, TOTAL, Anul 2001, Numar, 356
Total, Dambovita, TOTAL, Anul 2002, Numar, 350
Total, Dambovita, TOTAL, Anul 2003, Numar, 342
Total, Dambovita, TOTAL, Anul 2004, Numar, 352
Total, Dambovita, TOTAL, Anul 2005, Numar, 361
Total, Dambovita, TOTAL, Anul 2006, Numar, 365
Total, Dambovita, TOTAL, Anul 2007, Numar, 369
Total, Dambovita, TOTAL, Anul 2008, Numar, 369
Total, Dambovita, TOTAL, Anul 2009, Numar, 364
Total, Dambovita, TOTAL, Anul 2010, Numar, 369
Total, Dambovita, TOTAL, Anul 2011, Numar, 352
Total, Dambovita, TOTAL, Anul 2012, Numar, 343
Total, Dambovita, TOTAL, Anul 2013, Numar, 361
Total, Dambovita, TOTAL, Anul 2014, Numar, 331
Total, Dambovita, TOTAL, Anul 2015, Numar, 314
Total, Dambovita, TOTAL, Anul 2016, Numar, 299
Total, Dambovita, TOTAL, Anul 2017, Numar, 286
Total, Dambovita, TOTAL, Anul 2018, Numar, 281
Total, Dambovita, TOTAL, Anul 2019, Numar, 266
Total, Dambovita, TOTAL, Anul 2020, Numar, 254
Total, Dambovita, TOTAL, Anul 2021, Numar, 244
Total, Dolj, TOTAL, Anul 1995, Numar, 396
Total, Dolj, TOTAL, Anul 1996, Numar, 405
Total, Dolj, TOTAL, Anul 1997, Numar, 419
Total, Dolj, TOTAL, Anul 1998, Numar, 418
Total, Dolj, TOTAL, Anul 1999, Numar, 416
Total, Dolj, TOTAL, Anul 2000, Numar, 411
Total, Dolj, TOTAL, Anul 2001, Numar, 404
Total, Dolj, TOTAL, Anul 2002, Numar, 394
Total, Dolj, TOTAL, Anul 2003, Numar, 389
Total, Dolj, TOTAL, Anul 2004, Numar, 386
Total, Dolj, TOTAL, Anul 2005, Numar, 384
Total, Dolj, TOTAL, Anul 2006, Numar, 332
Total, Dolj, TOTAL, Anul 2007, Numar, 379
Total, Dolj, TOTAL, Anul 2008, Numar, 383
Total, Dolj, TOTAL, Anul 2009, Numar, 374
Total, Dolj, TOTAL, Anul 2010, Numar, 369
Total, Dolj, TOTAL, Anul 2011, Numar, 352
Total, Dolj, TOTAL, Anul 2012, Numar, 341
Total, Dolj, TOTAL, Anul 2013, Numar, 341
Total, Dolj, TOTAL, Anul 2014, Numar, 334
Total, Dolj, TOTAL, Anul 2015, Numar, 323
Total, Dolj, TOTAL, Anul 2016, Numar, 312
Total, Dolj, TOTAL, Anul 2017, Numar, 303
Total, Dolj, TOTAL, Anul 2018, Numar, 306
Total, Dolj, TOTAL, Anul 2019, Numar, 302
Total, Dolj, TOTAL, Anul 2020, Numar, 293
Total, Dolj, TOTAL, Anul 2021, Numar, 291
Total, Galati, TOTAL, Anul 1995, Numar, 330
Total, Galati, TOTAL, Anul 1996, Numar, 340
Total, Galati, TOTAL, Anul 1997, Numar, 344
Total, Galati, TOTAL, Anul 1998, Numar, 339
Total, Galati, TOTAL, Anul 1999, Numar, 345
Total, Galati, TOTAL, Anul 2000, Numar, 338
Total, Galati, TOTAL, Anul 2001, Numar, 347
Total, Galati, TOTAL, Anul 2002, Numar, 337
Total, Galati, TOTAL, Anul 2003, Numar, 329
Total, Galati, TOTAL, Anul 2004, Numar, 295
Total, Galati, TOTAL, Anul 2005, Numar, 315
Total, Galati, TOTAL, Anul 2006, Numar, 319
Total, Galati, TOTAL, Anul 2007, Numar, 312
Total, Galati, TOTAL, Anul 2008, Numar, 308
Total, Galati, TOTAL, Anul 2009, Numar, 303
Total, Galati, TOTAL, Anul 2010, Numar, 275
Total, Galati, TOTAL, Anul 2011, Numar, 277
Total, Galati, TOTAL, Anul 2012, Numar, 273
Total, Galati, TOTAL, Anul 2013, Numar, 268
Total, Galati, TOTAL, Anul 2014, Numar, 265
Total, Galati, TOTAL, Anul 2015, Numar, 242
Total, Galati, TOTAL, Anul 2016, Numar, 227
Total, Galati, TOTAL, Anul 2017, Numar, 226
Total, Galati, TOTAL, Anul 2018, Numar, 225
Total, Galati, TOTAL, Anul 2019, Numar, 227
Total, Galati, TOTAL, Anul 2020, Numar, 224
Total, Galati, TOTAL, Anul 2021, Numar, 219
Total, Giurgiu, TOTAL, Anul 1995, Numar, 191
Total, Giurgiu, TOTAL, Anul 1996, Numar, 183
Total, Giurgiu, TOTAL, Anul 1997, Numar, 184
Total, Giurgiu, TOTAL, Anul 1998, Numar, 183
Total, Giurgiu, TOTAL, Anul 1999, Numar, 185
Total, Giurgiu, TOTAL, Anul 2000, Numar, 183
Total, Giurgiu, TOTAL, Anul 2001, Numar, 174
Total, Giurgiu, TOTAL, Anul 2002, Numar, 175
Total, Giurgiu, TOTAL, Anul 2003, Numar, 169
Total, Giurgiu, TOTAL, Anul 2004, Numar, 167
Total, Giurgiu, TOTAL, Anul 2005, Numar, 162
Total, Giurgiu, TOTAL, Anul 2006, Numar, 150
Total, Giurgiu, TOTAL, Anul 2007, Numar, 165
Total, Giurgiu, TOTAL, Anul 2008, Numar, 167
Total, Giurgiu, TOTAL, Anul 2009, Numar, 165
Total, Giurgiu, TOTAL, Anul 2010, Numar, 163
Total, Giurgiu, TOTAL, Anul 2011, Numar, 163
Total, Giurgiu, TOTAL, Anul 2012, Numar, 159
Total, Giurgiu, TOTAL, Anul 2013, Numar, 145
Total, Giurgiu, TOTAL, Anul 2014, Numar, 152
Total, Giurgiu, TOTAL, Anul 2015, Numar, 139
Total, Giurgiu, TOTAL, Anul 2016, Numar, 129
Total, Giurgiu, TOTAL, Anul 2017, Numar, 126
Total, Giurgiu, TOTAL, Anul 2018, Numar, 123
Total, Giurgiu, TOTAL, Anul 2019, Numar, 119
Total, Giurgiu, TOTAL, Anul 2020, Numar, 115
Total, Giurgiu, TOTAL, Anul 2021, Numar, 117
Total, Gorj, TOTAL, Anul 1995, Numar, 253
Total, Gorj, TOTAL, Anul 1996, Numar, 255
Total, Gorj, TOTAL, Anul 1997, Numar, 258
Total, Gorj, TOTAL, Anul 1998, Numar, 254
Total, Gorj, TOTAL, Anul 1999, Numar, 257
Total, Gorj, TOTAL, Anul 2000, Numar, 258
Total, Gorj, TOTAL, Anul 2001, Numar, 257
Total, Gorj, TOTAL, Anul 2002, Numar, 258
Total, Gorj, TOTAL, Anul 2003, Numar, 255
Total, Gorj, TOTAL, Anul 2004, Numar, 248
Total, Gorj, TOTAL, Anul 2005, Numar, 246
Total, Gorj, TOTAL, Anul 2006, Numar, 241
Total, Gorj, TOTAL, Anul 2007, Numar, 240
Total, Gorj, TOTAL, Anul 2008, Numar, 234
Total, Gorj, TOTAL, Anul 2009, Numar, 231
Total, Gorj, TOTAL, Anul 2010, Numar, 225
Total, Gorj, TOTAL, Anul 2011, Numar, 211
Total, Gorj, TOTAL, Anul 2012, Numar, 203
Total, Gorj, TOTAL, Anul 2013, Numar, 206
Total, Gorj, TOTAL, Anul 2014, Numar, 200
Total, Gorj, TOTAL, Anul 2015, Numar, 197
Total, Gorj, TOTAL, Anul 2016, Numar, 197
Total, Gorj, TOTAL, Anul 2017, Numar, 200
Total, Gorj, TOTAL, Anul 2018, Numar, 197
Total, Gorj, TOTAL, Anul 2019, Numar, 182
Total, Gorj, TOTAL, Anul 2020, Numar, 121
Total, Gorj, TOTAL, Anul 2021, Numar, 149
Total, Harghita, TOTAL, Anul 1995, Numar, 289
Total, Harghita, TOTAL, Anul 1996, Numar, 287
Total, Harghita, TOTAL, Anul 1997, Numar, 293
Total, Harghita, TOTAL, Anul 1998, Numar, 294
Total, Harghita, TOTAL, Anul 1999, Numar, 293
Total, Harghita, TOTAL, Anul 2000, Numar, 299
Total, Harghita, TOTAL, Anul 2001, Numar, 296
Total, Harghita, TOTAL, Anul 2002, Numar, 283
Total, Harghita, TOTAL, Anul 2003, Numar, 286
Total, Harghita, TOTAL, Anul 2004, Numar, 281
Total, Harghita, TOTAL, Anul 2005, Numar, 281
Total, Harghita, TOTAL, Anul 2006, Numar, 276
Total, Harghita, TOTAL, Anul 2007, Numar, 270
Total, Harghita, TOTAL, Anul 2008, Numar, 270
Total, Harghita, TOTAL, Anul 2009, Numar, 269
Total, Harghita, TOTAL, Anul 2010, Numar, 249
Total, Harghita, TOTAL, Anul 2011, Numar, 251
Total, Harghita, TOTAL, Anul 2012, Numar, 243
Total, Harghita, TOTAL, Anul 2013, Numar, 212
Total, Harghita, TOTAL, Anul 2014, Numar, 190
Total, Harghita, TOTAL, Anul 2015, Numar, 170
Total, Harghita, TOTAL, Anul 2016, Numar, 168
Total, Harghita, TOTAL, Anul 2017, Numar, 167
Total, Harghita, TOTAL, Anul 2018, Numar, 162
Total, Harghita, TOTAL, Anul 2019, Numar, 155
Total, Harghita, TOTAL, Anul 2020, Numar, 147
Total, Harghita, TOTAL, Anul 2021, Numar, 143
Total, Hunedoara, TOTAL, Anul 1995, Numar, 363
Total, Hunedoara, TOTAL, Anul 1996, Numar, 358
Total, Hunedoara, TOTAL, Anul 1997, Numar, 332
Total, Hunedoara, TOTAL, Anul 1998, Numar, 338
Total, Hunedoara, TOTAL, Anul 1999, Numar, 328
Total, Hunedoara, TOTAL, Anul 2000, Numar, 314
Total, Hunedoara, TOTAL, Anul 2001, Numar, 290
Total, Hunedoara, TOTAL, Anul 2002, Numar, 285
Total, Hunedoara, TOTAL, Anul 2003, Numar, 289
Total, Hunedoara, TOTAL, Anul 2004, Numar, 288
Total, Hunedoara, TOTAL, Anul 2005, Numar, 282
Total, Hunedoara, TOTAL, Anul 2006, Numar, 255
Total, Hunedoara, TOTAL, Anul 2007, Numar, 254
Total, Hunedoara, TOTAL, Anul 2008, Numar, 281
Total, Hunedoara, TOTAL, Anul 2009, Numar, 255
Total, Hunedoara, TOTAL, Anul 2010, Numar, 250
Total, Hunedoara, TOTAL, Anul 2011, Numar, 226
Total, Hunedoara, TOTAL, Anul 2012, Numar, 197
Total, Hunedoara, TOTAL, Anul 2013, Numar, 225
Total, Hunedoara, TOTAL, Anul 2014, Numar, 234
Total, Hunedoara, TOTAL, Anul 2015, Numar, 187
Total, Hunedoara, TOTAL, Anul 2016, Numar, 180
Total, Hunedoara, TOTAL, Anul 2017, Numar, 171
Total, Hunedoara, TOTAL, Anul 2018, Numar, 167
Total, Hunedoara, TOTAL, Anul 2019, Numar, 166
Total, Hunedoara, TOTAL, Anul 2020, Numar, 166
Total, Hunedoara, TOTAL, Anul 2021, Numar, 163
Total, Ialomita, TOTAL, Anul 1995, Numar, 170
Total, Ialomita, TOTAL, Anul 1996, Numar, 179
Total, Ialomita, TOTAL, Anul 1997, Numar, 176
Total, Ialomita, TOTAL, Anul 1998, Numar, 185
Total, Ialomita, TOTAL, Anul 1999, Numar, 184
Total, Ialomita, TOTAL, Anul 2000, Numar, 171
Total, Ialomita, TOTAL, Anul 2001, Numar, 165
Total, Ialomita, TOTAL, Anul 2002, Numar, 173
Total, Ialomita, TOTAL, Anul 2003, Numar, 166
Total, Ialomita, TOTAL, Anul 2004, Numar, 175
Total, Ialomita, TOTAL, Anul 2005, Numar, 167
Total, Ialomita, TOTAL, Anul 2006, Numar, 164
Total, Ialomita, TOTAL, Anul 2007, Numar, 170
Total, Ialomita, TOTAL, Anul 2008, Numar, 171
Total, Ialomita, TOTAL, Anul 2009, Numar, 169
Total, Ialomita, TOTAL, Anul 2010, Numar, 158
Total, Ialomita, TOTAL, Anul 2011, Numar, 157
Total, Ialomita, TOTAL, Anul 2012, Numar, 153
Total, Ialomita, TOTAL, Anul 2013, Numar, 151
Total, Ialomita, TOTAL, Anul 2014, Numar, 151
Total, Ialomita, TOTAL, Anul 2015, Numar, 138
Total, Ialomita, TOTAL, Anul 2016, Numar, 136
Total, Ialomita, TOTAL, Anul 2017, Numar, 137
Total, Ialomita, TOTAL, Anul 2018, Numar, 139
Total, Ialomita, TOTAL, Anul 2019, Numar, 139
Total, Ialomita, TOTAL, Anul 2020, Numar, 136
Total, Ialomita, TOTAL, Anul 2021, Numar, 127
Total, Iasi, TOTAL, Anul 1995, Numar, 585
Total, Iasi, TOTAL, Anul 1996, Numar, 605
Total, Iasi, TOTAL, Anul 1997, Numar, 618
Total, Iasi, TOTAL, Anul 1998, Numar, 624
Total, Iasi, TOTAL, Anul 1999, Numar, 619
Total, Iasi, TOTAL, Anul 2000, Numar, 617
Total, Iasi, TOTAL, Anul 2001, Numar, 618
Total, Iasi, TOTAL, Anul 2002, Numar, 607
Total, Iasi, TOTAL, Anul 2003, Numar, 615
Total, Iasi, TOTAL, Anul 2004, Numar, 621
Total, Iasi, TOTAL, Anul 2005, Numar, 545
Total, Iasi, TOTAL, Anul 2006, Numar, 516
Total, Iasi, TOTAL, Anul 2007, Numar, 563
Total, Iasi, TOTAL, Anul 2008, Numar, 571
Total, Iasi, TOTAL, Anul 2009, Numar, 570
Total, Iasi, TOTAL, Anul 2010, Numar, 554
Total, Iasi, TOTAL, Anul 2011, Numar, 540
Total, Iasi, TOTAL, Anul 2012, Numar, 517
Total, Iasi, TOTAL, Anul 2013, Numar, 519
Total, Iasi, TOTAL, Anul 2014, Numar, 491
Total, Iasi, TOTAL, Anul 2015, Numar, 475
Total, Iasi, TOTAL, Anul 2016, Numar, 464
Total, Iasi, TOTAL, Anul 2017, Numar, 450
Total, Iasi, TOTAL, Anul 2018, Numar, 444
Total, Iasi, TOTAL, Anul 2019, Numar, 441
Total, Iasi, TOTAL, Anul 2020, Numar, 408
Total, Iasi, TOTAL, Anul 2021, Numar, 375
Total, Ilfov, TOTAL, Anul 1995, Numar, 36
Total, Ilfov, TOTAL, Anul 1996, Numar, 107
Total, Ilfov, TOTAL, Anul 1997, Numar, 109
Total, Ilfov, TOTAL, Anul 1998, Numar, 106
Total, Ilfov, TOTAL, Anul 1999, Numar, 116
Total, Ilfov, TOTAL, Anul 2000, Numar, 108
Total, Ilfov, TOTAL, Anul 2001, Numar, 113
Total, Ilfov, TOTAL, Anul 2002, Numar, 115
Total, Ilfov, TOTAL, Anul 2003, Numar, 113
Total, Ilfov, TOTAL, Anul 2004, Numar, 99
Total, Ilfov, TOTAL, Anul 2005, Numar, 102
Total, Ilfov, TOTAL, Anul 2006, Numar, 95
Total, Ilfov, TOTAL, Anul 2007, Numar, 103
Total, Ilfov, TOTAL, Anul 2008, Numar, 105
Total, Ilfov, TOTAL, Anul 2009, Numar, 110
Total, Ilfov, TOTAL, Anul 2010, Numar, 106
Total, Ilfov, TOTAL, Anul 2011, Numar, 96
Total, Ilfov, TOTAL, Anul 2012, Numar, 95
Total, Ilfov, TOTAL, Anul 2013, Numar, 95
Total, Ilfov, TOTAL, Anul 2014, Numar, 112
Total, Ilfov, TOTAL, Anul 2015, Numar, 105
Total, Ilfov, TOTAL, Anul 2016, Numar, 100
Total, Ilfov, TOTAL, Anul 2017, Numar, 101
Total, Ilfov, TOTAL, Anul 2018, Numar, 99
Total, Ilfov, TOTAL, Anul 2019, Numar, 94
Total, Ilfov, TOTAL, Anul 2020, Numar, 93
Total, Ilfov, TOTAL, Anul 2021, Numar, 94
Total, Maramures, TOTAL, Anul 1995, Numar, 394
Total, Maramures, TOTAL, Anul 1996, Numar, 395
Total, Maramures, TOTAL, Anul 1997, Numar, 389
Total, Maramures, TOTAL, Anul 1998, Numar, 379
Total, Maramures, TOTAL, Anul 1999, Numar, 376
Total, Maramures, TOTAL, Anul 2000, Numar, 378
Total, Maramures, TOTAL, Anul 2001, Numar, 371
Total, Maramures, TOTAL, Anul 2002, Numar, 366
Total, Maramures, TOTAL, Anul 2003, Numar, 368
Total, Maramures, TOTAL, Anul 2004, Numar, 315
Total, Maramures, TOTAL, Anul 2005, Numar, 348
Total, Maramures, TOTAL, Anul 2006, Numar, 344
Total, Maramures, TOTAL, Anul 2007, Numar, 350
Total, Maramures, TOTAL, Anul 2008, Numar, 351
Total, Maramures, TOTAL, Anul 2009, Numar, 342
Total, Maramures, TOTAL, Anul 2010, Numar, 343
Total, Maramures, TOTAL, Anul 2011, Numar, 332
Total, Maramures, TOTAL, Anul 2012, Numar, 319
Total, Maramures, TOTAL, Anul 2013, Numar, 316
Total, Maramures, TOTAL, Anul 2014, Numar, 297
Total, Maramures, TOTAL, Anul 2015, Numar, 261
Total, Maramures, TOTAL, Anul 2016, Numar, 248
Total, Maramures, TOTAL, Anul 2017, Numar, 239
Total, Maramures, TOTAL, Anul 2018, Numar, 238
Total, Maramures, TOTAL, Anul 2019, Numar, 223
Total, Maramures, TOTAL, Anul 2020, Numar, 219
Total, Maramures, TOTAL, Anul 2021, Numar, 216
Total, Mehedinti, TOTAL, Anul 1995, Numar, 214
Total, Mehedinti, TOTAL, Anul 1996, Numar, 214
Total, Mehedinti, TOTAL, Anul 1997, Numar, 216
Total, Mehedinti, TOTAL, Anul 1998, Numar, 216
Total, Mehedinti, TOTAL, Anul 1999, Numar, 214
Total, Mehedinti, TOTAL, Anul 2000, Numar, 201
Total, Mehedinti, TOTAL, Anul 2001, Numar, 209
Total, Mehedinti, TOTAL, Anul 2002, Numar, 206
Total, Mehedinti, TOTAL, Anul 2003, Numar, 203
Total, Mehedinti, TOTAL, Anul 2004, Numar, 199
Total, Mehedinti, TOTAL, Anul 2005, Numar, 192
Total, Mehedinti, TOTAL, Anul 2006, Numar, 192
Total, Mehedinti, TOTAL, Anul 2007, Numar, 195
Total, Mehedinti, TOTAL, Anul 2008, Numar, 194
Total, Mehedinti, TOTAL, Anul 2009, Numar, 187
Total, Mehedinti, TOTAL, Anul 2010, Numar, 186
Total, Mehedinti, TOTAL, Anul 2011, Numar, 183
Total, Mehedinti, TOTAL, Anul 2012, Numar, 183
Total, Mehedinti, TOTAL, Anul 2013, Numar, 176
Total, Mehedinti, TOTAL, Anul 2014, Numar, 173
Total, Mehedinti, TOTAL, Anul 2015, Numar, 169
Total, Mehedinti, TOTAL, Anul 2016, Numar, 164
Total, Mehedinti, TOTAL, Anul 2017, Numar, 160
Total, Mehedinti, TOTAL, Anul 2018, Numar, 155
Total, Mehedinti, TOTAL, Anul 2019, Numar, 152
Total, Mehedinti, TOTAL, Anul 2020, Numar, 146
Total, Mehedinti, TOTAL, Anul 2021, Numar, 136
Total, Mures, TOTAL, Anul 1995, Numar, 456
Total, Mures, TOTAL, Anul 1996, Numar, 454
Total, Mures, TOTAL, Anul 1997, Numar, 459
Total, Mures, TOTAL, Anul 1998, Numar, 435
Total, Mures, TOTAL, Anul 1999, Numar, 432
Total, Mures, TOTAL, Anul 2000, Numar, 406
Total, Mures, TOTAL, Anul 2001, Numar, 429
Total, Mures, TOTAL, Anul 2002, Numar, 407
Total, Mures, TOTAL, Anul 2003, Numar, 406
Total, Mures, TOTAL, Anul 2004, Numar, 415
Total, Mures, TOTAL, Anul 2005, Numar, 413
Total, Mures, TOTAL, Anul 2006, Numar, 407
Total, Mures, TOTAL, Anul 2007, Numar, 404
Total, Mures, TOTAL, Anul 2008, Numar, 375
Total, Mures, TOTAL, Anul 2009, Numar, 388
Total, Mures, TOTAL, Anul 2010, Numar, 353
Total, Mures, TOTAL, Anul 2011, Numar, 340
Total, Mures, TOTAL, Anul 2012, Numar, 329
Total, Mures, TOTAL, Anul 2013, Numar, 319
Total, Mures, TOTAL, Anul 2014, Numar, 312
Total, Mures, TOTAL, Anul 2015, Numar, 290
Total, Mures, TOTAL, Anul 2016, Numar, 284
Total, Mures, TOTAL, Anul 2017, Numar, 275
Total, Mures, TOTAL, Anul 2018, Numar, 256
Total, Mures, TOTAL, Anul 2019, Numar, 252
Total, Mures, TOTAL, Anul 2020, Numar, 243
Total, Mures, TOTAL, Anul 2021, Numar, 241
Total, Neamt, TOTAL, Anul 1995, Numar, 358
Total, Neamt, TOTAL, Anul 1996, Numar, 365
Total, Neamt, TOTAL, Anul 1997, Numar, 368
Total, Neamt, TOTAL, Anul 1998, Numar, 379
Total, Neamt, TOTAL, Anul 1999, Numar, 374
Total, Neamt, TOTAL, Anul 2000, Numar, 374
Total, Neamt, TOTAL, Anul 2001, Numar, 369
Total, Neamt, TOTAL, Anul 2002, Numar, 372
Total, Neamt, TOTAL, Anul 2003, Numar, 359
Total, Neamt, TOTAL, Anul 2004, Numar, 325
Total, Neamt, TOTAL, Anul 2005, Numar, 323
Total, Neamt, TOTAL, Anul 2006, Numar, 301
Total, Neamt, TOTAL, Anul 2007, Numar, 333
Total, Neamt, TOTAL, Anul 2008, Numar, 333
Total, Neamt, TOTAL, Anul 2009, Numar, 329
Total, Neamt, TOTAL, Anul 2010, Numar, 318
Total, Neamt, TOTAL, Anul 2011, Numar, 318
Total, Neamt, TOTAL, Anul 2012, Numar, 319
Total, Neamt, TOTAL, Anul 2013, Numar, 321
Total, Neamt, TOTAL, Anul 2014, Numar, 316
Total, Neamt, TOTAL, Anul 2015, Numar, 301
Total, Neamt, TOTAL, Anul 2016, Numar, 300
Total, Neamt, TOTAL, Anul 2017, Numar, 290
Total, Neamt, TOTAL, Anul 2018, Numar, 281
Total, Neamt, TOTAL, Anul 2019, Numar, 277
Total, Neamt, TOTAL, Anul 2020, Numar, 262
Total, Neamt, TOTAL, Anul 2021, Numar, 251
Total, Olt, TOTAL, Anul 1995, Numar, 365
Total, Olt, TOTAL, Anul 1996, Numar, 395
Total, Olt, TOTAL, Anul 1997, Numar, 394
Total, Olt, TOTAL, Anul 1998, Numar, 399
Total, Olt, TOTAL, Anul 1999, Numar, 353
Total, Olt, TOTAL, Anul 2000, Numar, 318
Total, Olt, TOTAL, Anul 2001, Numar, 314
Total, Olt, TOTAL, Anul 2002, Numar, 316
Total, Olt, TOTAL, Anul 2003, Numar, 317
Total, Olt, TOTAL, Anul 2004, Numar, 311
Total, Olt, TOTAL, Anul 2005, Numar, 301
Total, Olt, TOTAL, Anul 2006, Numar, 316
Total, Olt, TOTAL, Anul 2007, Numar, 317
Total, Olt, TOTAL, Anul 2008, Numar, 319
Total, Olt, TOTAL, Anul 2009, Numar, 310
Total, Olt, TOTAL, Anul 2010, Numar, 316
Total, Olt, TOTAL, Anul 2011, Numar, 306
Total, Olt, TOTAL, Anul 2012, Numar, 288
Total, Olt, TOTAL, Anul 2013, Numar, 303
Total, Olt, TOTAL, Anul 2014, Numar, 291
Total, Olt, TOTAL, Anul 2015, Numar, 271
Total, Olt, TOTAL, Anul 2016, Numar, 265
Total, Olt, TOTAL, Anul 2017, Numar, 262
Total, Olt, TOTAL, Anul 2018, Numar, 256
Total, Olt, TOTAL, Anul 2019, Numar, 249
Total, Olt, TOTAL, Anul 2020, Numar, 239
Total, Olt, TOTAL, Anul 2021, Numar, 223
Total, Prahova, TOTAL, Anul 1995, Numar, 401
Total, Prahova, TOTAL, Anul 1996, Numar, 420
Total, Prahova, TOTAL, Anul 1997, Numar, 402
Total, Prahova, TOTAL, Anul 1998, Numar, 429
Total, Prahova, TOTAL, Anul 1999, Numar, 428
Total, Prahova, TOTAL, Anul 2000, Numar, 429
Total, Prahova, TOTAL, Anul 2001, Numar, 427
Total, Prahova, TOTAL, Anul 2002, Numar, 424
Total, Prahova, TOTAL, Anul 2003, Numar, 421
Total, Prahova, TOTAL, Anul 2004, Numar, 427
Total, Prahova, TOTAL, Anul 2005, Numar, 430
Total, Prahova, TOTAL, Anul 2006, Numar, 423
Total, Prahova, TOTAL, Anul 2007, Numar, 416
Total, Prahova, TOTAL, Anul 2008, Numar, 416
Total, Prahova, TOTAL, Anul 2009, Numar, 405
Total, Prahova, TOTAL, Anul 2010, Numar, 405
Total, Prahova, TOTAL, Anul 2011, Numar, 396
Total, Prahova, TOTAL, Anul 2012, Numar, 386
Total, Prahova, TOTAL, Anul 2013, Numar, 381
Total, Prahova, TOTAL, Anul 2014, Numar, 379
Total, Prahova, TOTAL, Anul 2015, Numar, 364
Total, Prahova, TOTAL, Anul 2016, Numar, 361
Total, Prahova, TOTAL, Anul 2017, Numar, 348
Total, Prahova, TOTAL, Anul 2018, Numar, 345
Total, Prahova, TOTAL, Anul 2019, Numar, 339
Total, Prahova, TOTAL, Anul 2020, Numar, 336
Total, Prahova, TOTAL, Anul 2021, Numar, 299
Total, Satu Mare, TOTAL, Anul 1995, Numar, 266
Total, Satu Mare, TOTAL, Anul 1996, Numar, 267
Total, Satu Mare, TOTAL, Anul 1997, Numar, 284
Total, Satu Mare, TOTAL, Anul 1998, Numar, 275
Total, Satu Mare, TOTAL, Anul 1999, Numar, 253
Total, Satu Mare, TOTAL, Anul 2000, Numar, 270
Total, Satu Mare, TOTAL, Anul 2001, Numar, 256
Total, Satu Mare, TOTAL, Anul 2002, Numar, 239
Total, Satu Mare, TOTAL, Anul 2003, Numar, 241
Total, Satu Mare, TOTAL, Anul 2004, Numar, 250
Total, Satu Mare, TOTAL, Anul 2005, Numar, 233
Total, Satu Mare, TOTAL, Anul 2006, Numar, 192
Total, Satu Mare, TOTAL, Anul 2007, Numar, 229
Total, Satu Mare, TOTAL, Anul 2008, Numar, 224
Total, Satu Mare, TOTAL, Anul 2009, Numar, 223
Total, Satu Mare, TOTAL, Anul 2010, Numar, 219
Total, Satu Mare, TOTAL, Anul 2011, Numar, 217
Total, Satu Mare, TOTAL, Anul 2012, Numar, 197
Total, Satu Mare, TOTAL, Anul 2013, Numar, 204
Total, Satu Mare, TOTAL, Anul 2014, Numar, 204
Total, Satu Mare, TOTAL, Anul 2015, Numar, 192
Total, Satu Mare, TOTAL, Anul 2016, Numar, 190
Total, Satu Mare, TOTAL, Anul 2017, Numar, 187
Total, Satu Mare, TOTAL, Anul 2018, Numar, 185
Total, Satu Mare, TOTAL, Anul 2019, Numar, 174
Total, Satu Mare, TOTAL, Anul 2020, Numar, 171
Total, Satu Mare, TOTAL, Anul 2021, Numar, 165
Total, Salaj, TOTAL, Anul 1995, Numar, 240
Total, Salaj, TOTAL, Anul 1996, Numar, 240
Total, Salaj, TOTAL, Anul 1997, Numar, 253
Total, Salaj, TOTAL, Anul 1998, Numar, 249
Total, Salaj, TOTAL, Anul 1999, Numar, 243
Total, Salaj, TOTAL, Anul 2000, Numar, 242
Total, Salaj, TOTAL, Anul 2001, Numar, 237
Total, Salaj, TOTAL, Anul 2002, Numar, 233
Total, Salaj, TOTAL, Anul 2003, Numar, 235
Total, Salaj, TOTAL, Anul 2004, Numar, 202
Total, Salaj, TOTAL, Anul 2005, Numar, 231
Total, Salaj, TOTAL, Anul 2006, Numar, 231
Total, Salaj, TOTAL, Anul 2007, Numar, 222
Total, Salaj, TOTAL, Anul 2008, Numar, 226
Total, Salaj, TOTAL, Anul 2009, Numar, 227
Total, Salaj, TOTAL, Anul 2010, Numar, 224
Total, Salaj, TOTAL, Anul 2011, Numar, 221
Total, Salaj, TOTAL, Anul 2012, Numar, 218
Total, Salaj, TOTAL, Anul 2013, Numar, 216
Total, Salaj, TOTAL, Anul 2014, Numar, 208
Total, Salaj, TOTAL, Anul 2015, Numar, 195
Total, Salaj, TOTAL, Anul 2016, Numar, 186
Total, Salaj, TOTAL, Anul 2017, Numar, 176
Total, Salaj, TOTAL, Anul 2018, Numar, 175
Total, Salaj, TOTAL, Anul 2019, Numar, 168
Total, Salaj, TOTAL, Anul 2020, Numar, 160
Total, Salaj, TOTAL, Anul 2021, Numar, 154
Total, Sibiu, TOTAL, Anul 1995, Numar, 314
Total, Sibiu, TOTAL, Anul 1996, Numar, 324
Total, Sibiu, TOTAL, Anul 1997, Numar, 325
Total, Sibiu, TOTAL, Anul 1998, Numar, 304
Total, Sibiu, TOTAL, Anul 1999, Numar, 304
Total, Sibiu, TOTAL, Anul 2000, Numar, 301
Total, Sibiu, TOTAL, Anul 2001, Numar, 301
Total, Sibiu, TOTAL, Anul 2002, Numar, 291
Total, Sibiu, TOTAL, Anul 2003, Numar, 287
Total, Sibiu, TOTAL, Anul 2004, Numar, 260
Total, Sibiu, TOTAL, Anul 2005, Numar, 255
Total, Sibiu, TOTAL, Anul 2006, Numar, 217
Total, Sibiu, TOTAL, Anul 2007, Numar, 219
Total, Sibiu, TOTAL, Anul 2008, Numar, 217
Total, Sibiu, TOTAL, Anul 2009, Numar, 233
Total, Sibiu, TOTAL, Anul 2010, Numar, 222
Total, Sibiu, TOTAL, Anul 2011, Numar, 233
Total, Sibiu, TOTAL, Anul 2012, Numar, 222
Total, Sibiu, TOTAL, Anul 2013, Numar, 202
Total, Sibiu, TOTAL, Anul 2014, Numar, 199
Total, Sibiu, TOTAL, Anul 2015, Numar, 198
Total, Sibiu, TOTAL, Anul 2016, Numar, 195
Total, Sibiu, TOTAL, Anul 2017, Numar, 191
Total, Sibiu, TOTAL, Anul 2018, Numar, 190
Total, Sibiu, TOTAL, Anul 2019, Numar, 188
Total, Sibiu, TOTAL, Anul 2020, Numar, 181
Total, Sibiu, TOTAL, Anul 2021, Numar, 171
Total, Suceava, TOTAL, Anul 1995, Numar, 574
Total, Suceava, TOTAL, Anul 1996, Numar, 559
Total, Suceava, TOTAL, Anul 1997, Numar, 564
Total, Suceava, TOTAL, Anul 1998, Numar, 557
Total, Suceava, TOTAL, Anul 1999, Numar, 562
Total, Suceava, TOTAL, Anul 2000, Numar, 556
Total, Suceava, TOTAL, Anul 2001, Numar, 498
Total, Suceava, TOTAL, Anul 2002, Numar, 497
Total, Suceava, TOTAL, Anul 2003, Numar, 476
Total, Suceava, TOTAL, Anul 2004, Numar, 425
Total, Suceava, TOTAL, Anul 2005, Numar, 428
Total, Suceava, TOTAL, Anul 2006, Numar, 332
Total, Suceava, TOTAL, Anul 2007, Numar, 333
Total, Suceava, TOTAL, Anul 2008, Numar, 339
Total, Suceava, TOTAL, Anul 2009, Numar, 332
Total, Suceava, TOTAL, Anul 2010, Numar, 330
Total, Suceava, TOTAL, Anul 2011, Numar, 326
Total, Suceava, TOTAL, Anul 2012, Numar, 331
Total, Suceava, TOTAL, Anul 2013, Numar, 330
Total, Suceava, TOTAL, Anul 2014, Numar, 331
Total, Suceava, TOTAL, Anul 2015, Numar, 307
Total, Suceava, TOTAL, Anul 2016, Numar, 311
Total, Suceava, TOTAL, Anul 2017, Numar, 305
Total, Suceava, TOTAL, Anul 2018, Numar, 302
Total, Suceava, TOTAL, Anul 2019, Numar, 299
Total, Suceava, TOTAL, Anul 2020, Numar, 299
Total, Suceava, TOTAL, Anul 2021, Numar, 296
Total, Teleorman, TOTAL, Anul 1995, Numar, 292
Total, Teleorman, TOTAL, Anul 1996, Numar, 298
Total, Teleorman, TOTAL, Anul 1997, Numar, 310
Total, Teleorman, TOTAL, Anul 1998, Numar, 290
Total, Teleorman, TOTAL, Anul 1999, Numar, 309
Total, Teleorman, TOTAL, Anul 2000, Numar, 299
Total, Teleorman, TOTAL, Anul 2001, Numar, 300
Total, Teleorman, TOTAL, Anul 2002, Numar, 315
Total, Teleorman, TOTAL, Anul 2003, Numar, 311
Total, Teleorman, TOTAL, Anul 2004, Numar, 301
Total, Teleorman, TOTAL, Anul 2005, Numar, 300
Total, Teleorman, TOTAL, Anul 2006, Numar, 302
Total, Teleorman, TOTAL, Anul 2007, Numar, 283
Total, Teleorman, TOTAL, Anul 2008, Numar, 286
Total, Teleorman, TOTAL, Anul 2009, Numar, 266
Total, Teleorman, TOTAL, Anul 2010, Numar, 244
Total, Teleorman, TOTAL, Anul 2011, Numar, 223
Total, Teleorman, TOTAL, Anul 2012, Numar, 183
Total, Teleorman, TOTAL, Anul 2013, Numar, 182
Total, Teleorman, TOTAL, Anul 2014, Numar, 178
Total, Teleorman, TOTAL, Anul 2015, Numar, 177
Total, Teleorman, TOTAL, Anul 2016, Numar, 173
Total, Teleorman, TOTAL, Anul 2017, Numar, 176
Total, Teleorman, TOTAL, Anul 2018, Numar, 168
Total, Teleorman, TOTAL, Anul 2019, Numar, 170
Total, Teleorman, TOTAL, Anul 2020, Numar, 159
Total, Teleorman, TOTAL, Anul 2021, Numar, 134
Total, Timis, TOTAL, Anul 1995, Numar, 443
Total, Timis, TOTAL, Anul 1996, Numar, 450
Total, Timis, TOTAL, Anul 1997, Numar, 431
Total, Timis, TOTAL, Anul 1998, Numar, 430
Total, Timis, TOTAL, Anul 1999, Numar, 426
Total, Timis, TOTAL, Anul 2000, Numar, 420
Total, Timis, TOTAL, Anul 2001, Numar, 407
Total, Timis, TOTAL, Anul 2002, Numar, 408
Total, Timis, TOTAL, Anul 2003, Numar, 403
Total, Timis, TOTAL, Anul 2004, Numar, 366
Total, Timis, TOTAL, Anul 2005, Numar, 391
Total, Timis, TOTAL, Anul 2006, Numar, 379
Total, Timis, TOTAL, Anul 2007, Numar, 383
Total, Timis, TOTAL, Anul 2008, Numar, 378
Total, Timis, TOTAL, Anul 2009, Numar, 372
Total, Timis, TOTAL, Anul 2010, Numar, 355
Total, Timis, TOTAL, Anul 2011, Numar, 322
Total, Timis, TOTAL, Anul 2012, Numar, 299
Total, Timis, TOTAL, Anul 2013, Numar, 313
Total, Timis, TOTAL, Anul 2014, Numar, 302
Total, Timis, TOTAL, Anul 2015, Numar, 273
Total, Timis, TOTAL, Anul 2016, Numar, 257
Total, Timis, TOTAL, Anul 2017, Numar, 252
Total, Timis, TOTAL, Anul 2018, Numar, 248
Total, Timis, TOTAL, Anul 2019, Numar, 230
Total, Timis, TOTAL, Anul 2020, Numar, 213
Total, Timis, TOTAL, Anul 2021, Numar, 185
Total, Tulcea, TOTAL, Anul 1995, Numar, 145
Total, Tulcea, TOTAL, Anul 1996, Numar, 152
Total, Tulcea, TOTAL, Anul 1997, Numar, 139
Total, Tulcea, TOTAL, Anul 1998, Numar, 153
Total, Tulcea, TOTAL, Anul 1999, Numar, 145
Total, Tulcea, TOTAL, Anul 2000, Numar, 140
Total, Tulcea, TOTAL, Anul 2001, Numar, 150
Total, Tulcea, TOTAL, Anul 2002, Numar, 153
Total, Tulcea, TOTAL, Anul 2003, Numar, 149
Total, Tulcea, TOTAL, Anul 2004, Numar, 153
Total, Tulcea, TOTAL, Anul 2005, Numar, 157
Total, Tulcea, TOTAL, Anul 2006, Numar, 157
Total, Tulcea, TOTAL, Anul 2007, Numar, 162
Total, Tulcea, TOTAL, Anul 2008, Numar, 158
Total, Tulcea, TOTAL, Anul 2009, Numar, 158
Total, Tulcea, TOTAL, Anul 2010, Numar, 158
Total, Tulcea, TOTAL, Anul 2011, Numar, 160
Total, Tulcea, TOTAL, Anul 2012, Numar, 153
Total, Tulcea, TOTAL, Anul 2013, Numar, 153
Total, Tulcea, TOTAL, Anul 2014, Numar, 145
Total, Tulcea, TOTAL, Anul 2015, Numar, 131
Total, Tulcea, TOTAL, Anul 2016, Numar, 129
Total, Tulcea, TOTAL, Anul 2017, Numar, 118
Total, Tulcea, TOTAL, Anul 2018, Numar, 119
Total, Tulcea, TOTAL, Anul 2019, Numar, 119
Total, Tulcea, TOTAL, Anul 2020, Numar, 111
Total, Tulcea, TOTAL, Anul 2021, Numar, 106
Total, Vaslui, TOTAL, Anul 1995, Numar, 327
Total, Vaslui, TOTAL, Anul 1996, Numar, 342
Total, Vaslui, TOTAL, Anul 1997, Numar, 336
Total, Vaslui, TOTAL, Anul 1998, Numar, 336
Total, Vaslui, TOTAL, Anul 1999, Numar, 337
Total, Vaslui, TOTAL, Anul 2000, Numar, 330
Total, Vaslui, TOTAL, Anul 2001, Numar, 317
Total, Vaslui, TOTAL, Anul 2002, Numar, 320
Total, Vaslui, TOTAL, Anul 2003, Numar, 310
Total, Vaslui, TOTAL, Anul 2004, Numar, 298
Total, Vaslui, TOTAL, Anul 2005, Numar, 289
Total, Vaslui, TOTAL, Anul 2006, Numar, 244
Total, Vaslui, TOTAL, Anul 2007, Numar, 307
Total, Vaslui, TOTAL, Anul 2008, Numar, 321
Total, Vaslui, TOTAL, Anul 2009, Numar, 322
Total, Vaslui, TOTAL, Anul 2010, Numar, 305
Total, Vaslui, TOTAL, Anul 2011, Numar, 291
Total, Vaslui, TOTAL, Anul 2012, Numar, 305
Total, Vaslui, TOTAL, Anul 2013, Numar, 309
Total, Vaslui, TOTAL, Anul 2014, Numar, 275
Total, Vaslui, TOTAL, Anul 2015, Numar, 250
Total, Vaslui, TOTAL, Anul 2016, Numar, 250
Total, Vaslui, TOTAL, Anul 2017, Numar, 239
Total, Vaslui, TOTAL, Anul 2018, Numar, 240
Total, Vaslui, TOTAL, Anul 2019, Numar, 224
Total, Vaslui, TOTAL, Anul 2020, Numar, 207
Total, Vaslui, TOTAL, Anul 2021, Numar, 205
Total, Valcea, TOTAL, Anul 1995, Numar, 214
Total, Valcea, TOTAL, Anul 1996, Numar, 237
Total, Valcea, TOTAL, Anul 1997, Numar, 242
Total, Valcea, TOTAL, Anul 1998, Numar, 252
Total, Valcea, TOTAL, Anul 1999, Numar, 253
Total, Valcea, TOTAL, Anul 2000, Numar, 272
Total, Valcea, TOTAL, Anul 2001, Numar, 280
Total, Valcea, TOTAL, Anul 2002, Numar, 280
Total, Valcea, TOTAL, Anul 2003, Numar, 270
Total, Valcea, TOTAL, Anul 2004, Numar, 276
Total, Valcea, TOTAL, Anul 2005, Numar, 266
Total, Valcea, TOTAL, Anul 2006, Numar, 277
Total, Valcea, TOTAL, Anul 2007, Numar, 272
Total, Valcea, TOTAL, Anul 2008, Numar, 278
Total, Valcea, TOTAL, Anul 2009, Numar, 265
Total, Valcea, TOTAL, Anul 2010, Numar, 256
Total, Valcea, TOTAL, Anul 2011, Numar, 270
Total, Valcea, TOTAL, Anul 2012, Numar, 250
Total, Valcea, TOTAL, Anul 2013, Numar, 249
Total, Valcea, TOTAL, Anul 2014, Numar, 256
Total, Valcea, TOTAL, Anul 2015, Numar, 231
Total, Valcea, TOTAL, Anul 2016, Numar, 212
Total, Valcea, TOTAL, Anul 2017, Numar, 212
Total, Valcea, TOTAL, Anul 2018, Numar, 214
Total, Valcea, TOTAL, Anul 2019, Numar, 205
Total, Valcea, TOTAL, Anul 2020, Numar, 201
Total, Valcea, TOTAL, Anul 2021, Numar, 197
Total, Vrancea, TOTAL, Anul 1995, Numar, 276
Total, Vrancea, TOTAL, Anul 1996, Numar, 261
Total, Vrancea, TOTAL, Anul 1997, Numar, 253
Total, Vrancea, TOTAL, Anul 1998, Numar, 261
Total, Vrancea, TOTAL, Anul 1999, Numar, 266
Total, Vrancea, TOTAL, Anul 2000, Numar, 252
Total, Vrancea, TOTAL, Anul 2001, Numar, 265
Total, Vrancea, TOTAL, Anul 2002, Numar, 248
Total, Vrancea, TOTAL, Anul 2003, Numar, 233
Total, Vrancea, TOTAL, Anul 2004, Numar, 240
Total, Vrancea, TOTAL, Anul 2005, Numar, 228
Total, Vrancea, TOTAL, Anul 2006, Numar, 226
Total, Vrancea, TOTAL, Anul 2007, Numar, 242
Total, Vrancea, TOTAL, Anul 2008, Numar, 239
Total, Vrancea, TOTAL, Anul 2009, Numar, 237
Total, Vrancea, TOTAL, Anul 2010, Numar, 221
Total, Vrancea, TOTAL, Anul 2011, Numar, 249
Total, Vrancea, TOTAL, Anul 2012, Numar, 245
Total, Vrancea, TOTAL, Anul 2013, Numar, 254
Total, Vrancea, TOTAL, Anul 2014, Numar, 194
Total, Vrancea, TOTAL, Anul 2015, Numar, 172
Total, Vrancea, TOTAL, Anul 2016, Numar, 160
Total, Vrancea, TOTAL, Anul 2017, Numar, 158
Total, Vrancea, TOTAL, Anul 2018, Numar, 161
Total, Vrancea, TOTAL, Anul 2019, Numar, 163
Total, Vrancea, TOTAL, Anul 2020, Numar, 159
Total, Vrancea, TOTAL, Anul 2021, Numar, 145
Total, Municipiul Bucuresti, TOTAL, Anul 1995, Numar, 387
Total, Municipiul Bucuresti, TOTAL, Anul 1996, Numar, 339
Total, Municipiul Bucuresti, TOTAL, Anul 1997, Numar, 347
Total, Municipiul Bucuresti, TOTAL, Anul 1998, Numar, 334
Total, Municipiul Bucuresti, TOTAL, Anul 1999, Numar, 370
Total, Municipiul Bucuresti, TOTAL, Anul 2000, Numar, 344
Total, Municipiul Bucuresti, TOTAL, Anul 2001, Numar, 384
Total, Municipiul Bucuresti, TOTAL, Anul 2002, Numar, 441
Total, Municipiul Bucuresti, TOTAL, Anul 2003, Numar, 402
Total, Municipiul Bucuresti, TOTAL, Anul 2004, Numar, 398
Total, Municipiul Bucuresti, TOTAL, Anul 2005, Numar, 406
Total, Municipiul Bucuresti, TOTAL, Anul 2006, Numar, 402
Total, Municipiul Bucuresti, TOTAL, Anul 2007, Numar, 391
Total, Municipiul Bucuresti, TOTAL, Anul 2008, Numar, 404
Total, Municipiul Bucuresti, TOTAL, Anul 2009, Numar, 409
Total, Municipiul Bucuresti, TOTAL, Anul 2010, Numar, 414
Total, Municipiul Bucuresti, TOTAL, Anul 2011, Numar, 399
Total, Municipiul Bucuresti, TOTAL, Anul 2012, Numar, 413
Total, Municipiul Bucuresti, TOTAL, Anul 2013, Numar, 416
Total, Municipiul Bucuresti, TOTAL, Anul 2014, Numar, 378
Total, Municipiul Bucuresti, TOTAL, Anul 2015, Numar, 354
Total, Municipiul Bucuresti, TOTAL, Anul 2016, Numar, 344
Total, Municipiul Bucuresti, TOTAL, Anul 2017, Numar, 339
Total, Municipiul Bucuresti, TOTAL, Anul 2018, Numar, 353
Total, Municipiul Bucuresti, TOTAL, Anul 2019, Numar, 355
Total, Municipiul Bucuresti, TOTAL, Anul 2020, Numar, 346
Total, Municipiul Bucuresti, TOTAL, Anul 2021, Numar, 327
