Niveluri de educatie, Sexe, Macroregiuni  regiuni de dezvoltare si judete, Ani, UM: Numar persoane, Valoare
Total, Total, Bihor, Anul 1990, Numar persoane, 8180
Total, Total, Bihor, Anul 1991, Numar persoane, 8195
Total, Total, Bihor, Anul 1992, Numar persoane, 8350
Total, Total, Bihor, Anul 1993, Numar persoane, 8571
Total, Total, Bihor, Anul 1994, Numar persoane, 8632
Total, Total, Bihor, Anul 1995, Numar persoane, 9053
Total, Total, Bihor, Anul 1996, Numar persoane, 9104
Total, Total, Bihor, Anul 1997, Numar persoane, 9141
Total, Total, Bihor, Anul 1998, Numar persoane, 9436
Total, Total, Bihor, Anul 1999, Numar persoane, 9383
Total, Total, Bihor, Anul 2000, Numar persoane, 9171
Total, Total, Bihor, Anul 2001, Numar persoane, 9247
Total, Total, Bihor, Anul 2002, Numar persoane, 9496
Total, Total, Bihor, Anul 2003, Numar persoane, 9423
Total, Total, Bihor, Anul 2004, Numar persoane, 9564
Total, Total, Bihor, Anul 2005, Numar persoane, 9547
Total, Total, Bihor, Anul 2006, Numar persoane, 9756
Total, Total, Bihor, Anul 2007, Numar persoane, 9442
Total, Total, Bihor, Anul 2008, Numar persoane, 9587
Total, Total, Bihor, Anul 2009, Numar persoane, 9510
Total, Total, Bihor, Anul 2010, Numar persoane, 8884
Total, Total, Bihor, Anul 2011, Numar persoane, 8873
Total, Total, Bihor, Anul 2012, Numar persoane, 8678
Total, Total, Bihor, Anul 2013, Numar persoane, 8649
Total, Total, Bihor, Anul 2014, Numar persoane, 8665
Total, Total, Bihor, Anul 2015, Numar persoane, 8296
Total, Total, Bihor, Anul 2016, Numar persoane, 8194
Total, Total, Bihor, Anul 2017, Numar persoane, 8157
Total, Total, Bihor, Anul 2018, Numar persoane, 8057
Total, Total, Bihor, Anul 2019, Numar persoane, 8068
Total, Total, Bihor, Anul 2020, Numar persoane, 7970
Total, Total, Bihor, Anul 2021, Numar persoane, 8167
Total, Total, Bistrita-Nasaud, Anul 1990, Numar persoane, 4403
Total, Total, Bistrita-Nasaud, Anul 1991, Numar persoane, 4302
Total, Total, Bistrita-Nasaud, Anul 1992, Numar persoane, 4333
Total, Total, Bistrita-Nasaud, Anul 1993, Numar persoane, 4382
Total, Total, Bistrita-Nasaud, Anul 1994, Numar persoane, 4556
Total, Total, Bistrita-Nasaud, Anul 1995, Numar persoane, 4684
Total, Total, Bistrita-Nasaud, Anul 1996, Numar persoane, 4863
Total, Total, Bistrita-Nasaud, Anul 1997, Numar persoane, 4599
Total, Total, Bistrita-Nasaud, Anul 1998, Numar persoane, 4693
Total, Total, Bistrita-Nasaud, Anul 1999, Numar persoane, 4565
Total, Total, Bistrita-Nasaud, Anul 2000, Numar persoane, 4460
Total, Total, Bistrita-Nasaud, Anul 2001, Numar persoane, 4612
Total, Total, Bistrita-Nasaud, Anul 2002, Numar persoane, 4473
Total, Total, Bistrita-Nasaud, Anul 2003, Numar persoane, 4369
Total, Total, Bistrita-Nasaud, Anul 2004, Numar persoane, 4386
Total, Total, Bistrita-Nasaud, Anul 2005, Numar persoane, 4381
Total, Total, Bistrita-Nasaud, Anul 2006, Numar persoane, 4287
Total, Total, Bistrita-Nasaud, Anul 2007, Numar persoane, 4204
Total, Total, Bistrita-Nasaud, Anul 2008, Numar persoane, 4176
Total, Total, Bistrita-Nasaud, Anul 2009, Numar persoane, 4061
Total, Total, Bistrita-Nasaud, Anul 2010, Numar persoane, 3927
Total, Total, Bistrita-Nasaud, Anul 2011, Numar persoane, 3747
Total, Total, Bistrita-Nasaud, Anul 2012, Numar persoane, 3730
Total, Total, Bistrita-Nasaud, Anul 2013, Numar persoane, 3759
Total, Total, Bistrita-Nasaud, Anul 2014, Numar persoane, 3764
Total, Total, Bistrita-Nasaud, Anul 2015, Numar persoane, 3616
Total, Total, Bistrita-Nasaud, Anul 2016, Numar persoane, 3564
Total, Total, Bistrita-Nasaud, Anul 2017, Numar persoane, 3577
Total, Total, Bistrita-Nasaud, Anul 2018, Numar persoane, 3498
Total, Total, Bistrita-Nasaud, Anul 2019, Numar persoane, 3476
Total, Total, Bistrita-Nasaud, Anul 2020, Numar persoane, 3417
Total, Total, Bistrita-Nasaud, Anul 2021, Numar persoane, 3492
Total, Total, Cluj, Anul 1990, Numar persoane, 10716
Total, Total, Cluj, Anul 1991, Numar persoane, 11007
Total, Total, Cluj, Anul 1992, Numar persoane, 11302
Total, Total, Cluj, Anul 1993, Numar persoane, 11457
Total, Total, Cluj, Anul 1994, Numar persoane, 11768
Total, Total, Cluj, Anul 1995, Numar persoane, 12126
Total, Total, Cluj, Anul 1996, Numar persoane, 12358
Total, Total, Cluj, Anul 1997, Numar persoane, 12475
Total, Total, Cluj, Anul 1998, Numar persoane, 12707
Total, Total, Cluj, Anul 1999, Numar persoane, 12672
Total, Total, Cluj, Anul 2000, Numar persoane, 12757
Total, Total, Cluj, Anul 2001, Numar persoane, 12798
Total, Total, Cluj, Anul 2002, Numar persoane, 12320
Total, Total, Cluj, Anul 2003, Numar persoane, 11970
Total, Total, Cluj, Anul 2004, Numar persoane, 11892
Total, Total, Cluj, Anul 2005, Numar persoane, 11725
Total, Total, Cluj, Anul 2006, Numar persoane, 11494
Total, Total, Cluj, Anul 2007, Numar persoane, 11552
Total, Total, Cluj, Anul 2008, Numar persoane, 11737
Total, Total, Cluj, Anul 2009, Numar persoane, 11788
Total, Total, Cluj, Anul 2010, Numar persoane, 11096
Total, Total, Cluj, Anul 2011, Numar persoane, 10896
Total, Total, Cluj, Anul 2012, Numar persoane, 11281
Total, Total, Cluj, Anul 2013, Numar persoane, 11298
Total, Total, Cluj, Anul 2014, Numar persoane, 11295
Total, Total, Cluj, Anul 2015, Numar persoane, 11068
Total, Total, Cluj, Anul 2016, Numar persoane, 11097
Total, Total, Cluj, Anul 2017, Numar persoane, 11256
Total, Total, Cluj, Anul 2018, Numar persoane, 11410
Total, Total, Cluj, Anul 2019, Numar persoane, 11544
Total, Total, Cluj, Anul 2020, Numar persoane, 11667
Total, Total, Cluj, Anul 2021, Numar persoane, 11940
Total, Total, Maramures, Anul 1990, Numar persoane, 7087
Total, Total, Maramures, Anul 1991, Numar persoane, 7166
Total, Total, Maramures, Anul 1992, Numar persoane, 7292
Total, Total, Maramures, Anul 1993, Numar persoane, 7164
Total, Total, Maramures, Anul 1994, Numar persoane, 7504
Total, Total, Maramures, Anul 1995, Numar persoane, 7624
Total, Total, Maramures, Anul 1996, Numar persoane, 7665
Total, Total, Maramures, Anul 1997, Numar persoane, 7843
Total, Total, Maramures, Anul 1998, Numar persoane, 7887
Total, Total, Maramures, Anul 1999, Numar persoane, 7461
Total, Total, Maramures, Anul 2000, Numar persoane, 7318
Total, Total, Maramures, Anul 2001, Numar persoane, 7391
Total, Total, Maramures, Anul 2002, Numar persoane, 6974
Total, Total, Maramures, Anul 2003, Numar persoane, 6852
Total, Total, Maramures, Anul 2004, Numar persoane, 6897
Total, Total, Maramures, Anul 2005, Numar persoane, 6802
Total, Total, Maramures, Anul 2006, Numar persoane, 6697
Total, Total, Maramures, Anul 2007, Numar persoane, 6720
Total, Total, Maramures, Anul 2008, Numar persoane, 6867
Total, Total, Maramures, Anul 2009, Numar persoane, 6642
Total, Total, Maramures, Anul 2010, Numar persoane, 6187
Total, Total, Maramures, Anul 2011, Numar persoane, 6003
Total, Total, Maramures, Anul 2012, Numar persoane, 5552
Total, Total, Maramures, Anul 2013, Numar persoane, 5858
Total, Total, Maramures, Anul 2014, Numar persoane, 5779
Total, Total, Maramures, Anul 2015, Numar persoane, 5579
Total, Total, Maramures, Anul 2016, Numar persoane, 5431
Total, Total, Maramures, Anul 2017, Numar persoane, 5443
Total, Total, Maramures, Anul 2018, Numar persoane, 5323
Total, Total, Maramures, Anul 2019, Numar persoane, 5416
Total, Total, Maramures, Anul 2020, Numar persoane, 5357
Total, Total, Maramures, Anul 2021, Numar persoane, 5271
Total, Total, Satu Mare, Anul 1990, Numar persoane, 5084
Total, Total, Satu Mare, Anul 1991, Numar persoane, 5446
Total, Total, Satu Mare, Anul 1992, Numar persoane, 5429
Total, Total, Satu Mare, Anul 1993, Numar persoane, 5489
Total, Total, Satu Mare, Anul 1994, Numar persoane, 5575
Total, Total, Satu Mare, Anul 1995, Numar persoane, 5698
Total, Total, Satu Mare, Anul 1996, Numar persoane, 5850
Total, Total, Satu Mare, Anul 1997, Numar persoane, 5471
Total, Total, Satu Mare, Anul 1998, Numar persoane, 5510
Total, Total, Satu Mare, Anul 1999, Numar persoane, 5324
Total, Total, Satu Mare, Anul 2000, Numar persoane, 5010
Total, Total, Satu Mare, Anul 2001, Numar persoane, 5194
Total, Total, Satu Mare, Anul 2002, Numar persoane, 4797
Total, Total, Satu Mare, Anul 2003, Numar persoane, 4835
Total, Total, Satu Mare, Anul 2004, Numar persoane, 4836
Total, Total, Satu Mare, Anul 2005, Numar persoane, 4742
Total, Total, Satu Mare, Anul 2006, Numar persoane, 4715
Total, Total, Satu Mare, Anul 2007, Numar persoane, 4651
Total, Total, Satu Mare, Anul 2008, Numar persoane, 4681
Total, Total, Satu Mare, Anul 2009, Numar persoane, 4592
Total, Total, Satu Mare, Anul 2010, Numar persoane, 4295
Total, Total, Satu Mare, Anul 2011, Numar persoane, 4053
Total, Total, Satu Mare, Anul 2012, Numar persoane, 4148
Total, Total, Satu Mare, Anul 2013, Numar persoane, 4220
Total, Total, Satu Mare, Anul 2014, Numar persoane, 4038
Total, Total, Satu Mare, Anul 2015, Numar persoane, 4022
Total, Total, Satu Mare, Anul 2016, Numar persoane, 3928
Total, Total, Satu Mare, Anul 2017, Numar persoane, 3934
Total, Total, Satu Mare, Anul 2018, Numar persoane, 3876
Total, Total, Satu Mare, Anul 2019, Numar persoane, 3881
Total, Total, Satu Mare, Anul 2020, Numar persoane, 3806
Total, Total, Satu Mare, Anul 2021, Numar persoane, 3838
Total, Total, Salaj, Anul 1990, Numar persoane, 3429
Total, Total, Salaj, Anul 1991, Numar persoane, 3454
Total, Total, Salaj, Anul 1992, Numar persoane, 3591
Total, Total, Salaj, Anul 1993, Numar persoane, 3606
Total, Total, Salaj, Anul 1994, Numar persoane, 3634
Total, Total, Salaj, Anul 1995, Numar persoane, 3736
Total, Total, Salaj, Anul 1996, Numar persoane, 3808
Total, Total, Salaj, Anul 1997, Numar persoane, 3743
Total, Total, Salaj, Anul 1998, Numar persoane, 3812
Total, Total, Salaj, Anul 1999, Numar persoane, 3694
Total, Total, Salaj, Anul 2000, Numar persoane, 3658
Total, Total, Salaj, Anul 2001, Numar persoane, 3647
Total, Total, Salaj, Anul 2002, Numar persoane, 3501
Total, Total, Salaj, Anul 2003, Numar persoane, 3450
Total, Total, Salaj, Anul 2004, Numar persoane, 3486
Total, Total, Salaj, Anul 2005, Numar persoane, 3410
Total, Total, Salaj, Anul 2006, Numar persoane, 3396
Total, Total, Salaj, Anul 2007, Numar persoane, 3364
Total, Total, Salaj, Anul 2008, Numar persoane, 3361
Total, Total, Salaj, Anul 2009, Numar persoane, 3291
Total, Total, Salaj, Anul 2010, Numar persoane, 3101
Total, Total, Salaj, Anul 2011, Numar persoane, 3079
Total, Total, Salaj, Anul 2012, Numar persoane, 2956
Total, Total, Salaj, Anul 2013, Numar persoane, 2998
Total, Total, Salaj, Anul 2014, Numar persoane, 2833
Total, Total, Salaj, Anul 2015, Numar persoane, 2707
Total, Total, Salaj, Anul 2016, Numar persoane, 2665
Total, Total, Salaj, Anul 2017, Numar persoane, 2642
Total, Total, Salaj, Anul 2018, Numar persoane, 2610
Total, Total, Salaj, Anul 2019, Numar persoane, 2623
Total, Total, Salaj, Anul 2020, Numar persoane, 2607
Total, Total, Salaj, Anul 2021, Numar persoane, 2643
Total, Total, Alba, Anul 1990, Numar persoane, 5347
Total, Total, Alba, Anul 1991, Numar persoane, 5522
Total, Total, Alba, Anul 1992, Numar persoane, 5674
Total, Total, Alba, Anul 1993, Numar persoane, 5652
Total, Total, Alba, Anul 1994, Numar persoane, 5853
Total, Total, Alba, Anul 1995, Numar persoane, 5831
Total, Total, Alba, Anul 1996, Numar persoane, 6065
Total, Total, Alba, Anul 1997, Numar persoane, 5967
Total, Total, Alba, Anul 1998, Numar persoane, 5943
Total, Total, Alba, Anul 1999, Numar persoane, 5606
Total, Total, Alba, Anul 2000, Numar persoane, 5489
Total, Total, Alba, Anul 2001, Numar persoane, 5573
Total, Total, Alba, Anul 2002, Numar persoane, 5107
Total, Total, Alba, Anul 2003, Numar persoane, 5143
Total, Total, Alba, Anul 2004, Numar persoane, 5156
Total, Total, Alba, Anul 2005, Numar persoane, 4895
Total, Total, Alba, Anul 2006, Numar persoane, 4865
Total, Total, Alba, Anul 2007, Numar persoane, 4847
Total, Total, Alba, Anul 2008, Numar persoane, 4826
Total, Total, Alba, Anul 2009, Numar persoane, 4717
Total, Total, Alba, Anul 2010, Numar persoane, 4490
Total, Total, Alba, Anul 2011, Numar persoane, 4367
Total, Total, Alba, Anul 2012, Numar persoane, 4328
Total, Total, Alba, Anul 2013, Numar persoane, 4414
Total, Total, Alba, Anul 2014, Numar persoane, 4233
Total, Total, Alba, Anul 2015, Numar persoane, 4208
Total, Total, Alba, Anul 2016, Numar persoane, 4115
Total, Total, Alba, Anul 2017, Numar persoane, 4092
Total, Total, Alba, Anul 2018, Numar persoane, 3970
Total, Total, Alba, Anul 2019, Numar persoane, 3943
Total, Total, Alba, Anul 2020, Numar persoane, 3914
Total, Total, Alba, Anul 2021, Numar persoane, 3876
Total, Total, Brasov, Anul 1990, Numar persoane, 7723
Total, Total, Brasov, Anul 1991, Numar persoane, 7899
Total, Total, Brasov, Anul 1992, Numar persoane, 8340
Total, Total, Brasov, Anul 1993, Numar persoane, 8420
Total, Total, Brasov, Anul 1994, Numar persoane, 8571
Total, Total, Brasov, Anul 1995, Numar persoane, 8837
Total, Total, Brasov, Anul 1996, Numar persoane, 9146
Total, Total, Brasov, Anul 1997, Numar persoane, 9428
Total, Total, Brasov, Anul 1998, Numar persoane, 9244
Total, Total, Brasov, Anul 1999, Numar persoane, 8798
Total, Total, Brasov, Anul 2000, Numar persoane, 8533
Total, Total, Brasov, Anul 2001, Numar persoane, 8633
Total, Total, Brasov, Anul 2002, Numar persoane, 8301
Total, Total, Brasov, Anul 2003, Numar persoane, 8010
Total, Total, Brasov, Anul 2004, Numar persoane, 8195
Total, Total, Brasov, Anul 2005, Numar persoane, 7513
Total, Total, Brasov, Anul 2006, Numar persoane, 7585
Total, Total, Brasov, Anul 2007, Numar persoane, 7637
Total, Total, Brasov, Anul 2008, Numar persoane, 7625
Total, Total, Brasov, Anul 2009, Numar persoane, 7379
Total, Total, Brasov, Anul 2010, Numar persoane, 6551
Total, Total, Brasov, Anul 2011, Numar persoane, 6443
Total, Total, Brasov, Anul 2012, Numar persoane, 6404
Total, Total, Brasov, Anul 2013, Numar persoane, 6661
Total, Total, Brasov, Anul 2014, Numar persoane, 6637
Total, Total, Brasov, Anul 2015, Numar persoane, 6332
Total, Total, Brasov, Anul 2016, Numar persoane, 6469
Total, Total, Brasov, Anul 2017, Numar persoane, 6650
Total, Total, Brasov, Anul 2018, Numar persoane, 6622
Total, Total, Brasov, Anul 2019, Numar persoane, 6687
Total, Total, Brasov, Anul 2020, Numar persoane, 6725
Total, Total, Brasov, Anul 2021, Numar persoane, 6859
Total, Total, Covasna, Anul 1990, Numar persoane, 3159
Total, Total, Covasna, Anul 1991, Numar persoane, 3208
Total, Total, Covasna, Anul 1992, Numar persoane, 3324
Total, Total, Covasna, Anul 1993, Numar persoane, 3477
Total, Total, Covasna, Anul 1994, Numar persoane, 3611
Total, Total, Covasna, Anul 1995, Numar persoane, 3841
Total, Total, Covasna, Anul 1996, Numar persoane, 3859
Total, Total, Covasna, Anul 1997, Numar persoane, 3582
Total, Total, Covasna, Anul 1998, Numar persoane, 3565
Total, Total, Covasna, Anul 1999, Numar persoane, 3456
Total, Total, Covasna, Anul 2000, Numar persoane, 3392
Total, Total, Covasna, Anul 2001, Numar persoane, 3420
Total, Total, Covasna, Anul 2002, Numar persoane, 3278
Total, Total, Covasna, Anul 2003, Numar persoane, 3105
Total, Total, Covasna, Anul 2004, Numar persoane, 3213
Total, Total, Covasna, Anul 2005, Numar persoane, 3110
Total, Total, Covasna, Anul 2006, Numar persoane, 3086
Total, Total, Covasna, Anul 2007, Numar persoane, 3057
Total, Total, Covasna, Anul 2008, Numar persoane, 3137
Total, Total, Covasna, Anul 2009, Numar persoane, 3055
Total, Total, Covasna, Anul 2010, Numar persoane, 2897
Total, Total, Covasna, Anul 2011, Numar persoane, 2867
Total, Total, Covasna, Anul 2012, Numar persoane, 2866
Total, Total, Covasna, Anul 2013, Numar persoane, 2820
Total, Total, Covasna, Anul 2014, Numar persoane, 2690
Total, Total, Covasna, Anul 2015, Numar persoane, 2603
Total, Total, Covasna, Anul 2016, Numar persoane, 2617
Total, Total, Covasna, Anul 2017, Numar persoane, 2616
Total, Total, Covasna, Anul 2018, Numar persoane, 2622
Total, Total, Covasna, Anul 2019, Numar persoane, 2580
Total, Total, Covasna, Anul 2020, Numar persoane, 2715
Total, Total, Covasna, Anul 2021, Numar persoane, 2811
Total, Total, Harghita, Anul 1990, Numar persoane, 4455
Total, Total, Harghita, Anul 1991, Numar persoane, 4698
Total, Total, Harghita, Anul 1992, Numar persoane, 4895
Total, Total, Harghita, Anul 1993, Numar persoane, 4893
Total, Total, Harghita, Anul 1994, Numar persoane, 5092
Total, Total, Harghita, Anul 1995, Numar persoane, 5249
Total, Total, Harghita, Anul 1996, Numar persoane, 5556
Total, Total, Harghita, Anul 1997, Numar persoane, 5440
Total, Total, Harghita, Anul 1998, Numar persoane, 5383
Total, Total, Harghita, Anul 1999, Numar persoane, 5298
Total, Total, Harghita, Anul 2000, Numar persoane, 5119
Total, Total, Harghita, Anul 2001, Numar persoane, 5201
Total, Total, Harghita, Anul 2002, Numar persoane, 4652
Total, Total, Harghita, Anul 2003, Numar persoane, 4612
Total, Total, Harghita, Anul 2004, Numar persoane, 4604
Total, Total, Harghita, Anul 2005, Numar persoane, 4481
Total, Total, Harghita, Anul 2006, Numar persoane, 4349
Total, Total, Harghita, Anul 2007, Numar persoane, 4180
Total, Total, Harghita, Anul 2008, Numar persoane, 4233
Total, Total, Harghita, Anul 2009, Numar persoane, 4368
Total, Total, Harghita, Anul 2010, Numar persoane, 4109
Total, Total, Harghita, Anul 2011, Numar persoane, 4122
Total, Total, Harghita, Anul 2012, Numar persoane, 4127
Total, Total, Harghita, Anul 2013, Numar persoane, 4126
Total, Total, Harghita, Anul 2014, Numar persoane, 4186
Total, Total, Harghita, Anul 2015, Numar persoane, 4072
Total, Total, Harghita, Anul 2016, Numar persoane, 4163
Total, Total, Harghita, Anul 2017, Numar persoane, 4135
Total, Total, Harghita, Anul 2018, Numar persoane, 4184
Total, Total, Harghita, Anul 2019, Numar persoane, 4223
Total, Total, Harghita, Anul 2020, Numar persoane, 4259
Total, Total, Harghita, Anul 2021, Numar persoane, 4373
Total, Total, Mures, Anul 1990, Numar persoane, 7504
Total, Total, Mures, Anul 1991, Numar persoane, 7546
Total, Total, Mures, Anul 1992, Numar persoane, 7969
Total, Total, Mures, Anul 1993, Numar persoane, 7991
Total, Total, Mures, Anul 1994, Numar persoane, 8470
Total, Total, Mures, Anul 1995, Numar persoane, 8557
Total, Total, Mures, Anul 1996, Numar persoane, 8716
Total, Total, Mures, Anul 1997, Numar persoane, 8561
Total, Total, Mures, Anul 1998, Numar persoane, 8595
Total, Total, Mures, Anul 1999, Numar persoane, 8788
Total, Total, Mures, Anul 2000, Numar persoane, 8573
Total, Total, Mures, Anul 2001, Numar persoane, 8646
Total, Total, Mures, Anul 2002, Numar persoane, 8468
Total, Total, Mures, Anul 2003, Numar persoane, 8531
Total, Total, Mures, Anul 2004, Numar persoane, 8578
Total, Total, Mures, Anul 2005, Numar persoane, 8450
Total, Total, Mures, Anul 2006, Numar persoane, 8519
Total, Total, Mures, Anul 2007, Numar persoane, 8377
Total, Total, Mures, Anul 2008, Numar persoane, 8451
Total, Total, Mures, Anul 2009, Numar persoane, 8470
Total, Total, Mures, Anul 2010, Numar persoane, 7953
Total, Total, Mures, Anul 2011, Numar persoane, 7708
Total, Total, Mures, Anul 2012, Numar persoane, 7533
Total, Total, Mures, Anul 2013, Numar persoane, 7721
Total, Total, Mures, Anul 2014, Numar persoane, 7485
Total, Total, Mures, Anul 2015, Numar persoane, 7175
Total, Total, Mures, Anul 2016, Numar persoane, 7211
Total, Total, Mures, Anul 2017, Numar persoane, 7196
Total, Total, Mures, Anul 2018, Numar persoane, 7275
Total, Total, Mures, Anul 2019, Numar persoane, 7332
Total, Total, Mures, Anul 2020, Numar persoane, 7355
Total, Total, Mures, Anul 2021, Numar persoane, 7539
Total, Total, Sibiu, Anul 1990, Numar persoane, 6685
Total, Total, Sibiu, Anul 1991, Numar persoane, 6561
Total, Total, Sibiu, Anul 1992, Numar persoane, 6939
Total, Total, Sibiu, Anul 1993, Numar persoane, 7064
Total, Total, Sibiu, Anul 1994, Numar persoane, 7030
Total, Total, Sibiu, Anul 1995, Numar persoane, 7193
Total, Total, Sibiu, Anul 1996, Numar persoane, 7359
Total, Total, Sibiu, Anul 1997, Numar persoane, 7285
Total, Total, Sibiu, Anul 1998, Numar persoane, 7284
Total, Total, Sibiu, Anul 1999, Numar persoane, 6815
Total, Total, Sibiu, Anul 2000, Numar persoane, 6622
Total, Total, Sibiu, Anul 2001, Numar persoane, 6732
Total, Total, Sibiu, Anul 2002, Numar persoane, 6501
Total, Total, Sibiu, Anul 2003, Numar persoane, 6176
Total, Total, Sibiu, Anul 2004, Numar persoane, 6218
Total, Total, Sibiu, Anul 2005, Numar persoane, 5914
Total, Total, Sibiu, Anul 2006, Numar persoane, 5886
Total, Total, Sibiu, Anul 2007, Numar persoane, 5873
Total, Total, Sibiu, Anul 2008, Numar persoane, 5907
Total, Total, Sibiu, Anul 2009, Numar persoane, 5733
Total, Total, Sibiu, Anul 2010, Numar persoane, 5369
Total, Total, Sibiu, Anul 2011, Numar persoane, 5346
Total, Total, Sibiu, Anul 2012, Numar persoane, 5381
Total, Total, Sibiu, Anul 2013, Numar persoane, 5539
Total, Total, Sibiu, Anul 2014, Numar persoane, 5404
Total, Total, Sibiu, Anul 2015, Numar persoane, 5266
Total, Total, Sibiu, Anul 2016, Numar persoane, 5234
Total, Total, Sibiu, Anul 2017, Numar persoane, 5239
Total, Total, Sibiu, Anul 2018, Numar persoane, 5318
Total, Total, Sibiu, Anul 2019, Numar persoane, 5341
Total, Total, Sibiu, Anul 2020, Numar persoane, 5407
Total, Total, Sibiu, Anul 2021, Numar persoane, 5536
Total, Total, Bacau, Anul 1990, Numar persoane, 9000
Total, Total, Bacau, Anul 1991, Numar persoane, 8842
Total, Total, Bacau, Anul 1992, Numar persoane, 9311
Total, Total, Bacau, Anul 1993, Numar persoane, 9251
Total, Total, Bacau, Anul 1994, Numar persoane, 9496
Total, Total, Bacau, Anul 1995, Numar persoane, 9712
Total, Total, Bacau, Anul 1996, Numar persoane, 9848
Total, Total, Bacau, Anul 1997, Numar persoane, 9587
Total, Total, Bacau, Anul 1998, Numar persoane, 9537
Total, Total, Bacau, Anul 1999, Numar persoane, 9332
Total, Total, Bacau, Anul 2000, Numar persoane, 9149
Total, Total, Bacau, Anul 2001, Numar persoane, 9138
Total, Total, Bacau, Anul 2002, Numar persoane, 8722
Total, Total, Bacau, Anul 2003, Numar persoane, 8485
Total, Total, Bacau, Anul 2004, Numar persoane, 8553
Total, Total, Bacau, Anul 2005, Numar persoane, 8412
Total, Total, Bacau, Anul 2006, Numar persoane, 8422
Total, Total, Bacau, Anul 2007, Numar persoane, 8162
Total, Total, Bacau, Anul 2008, Numar persoane, 8173
Total, Total, Bacau, Anul 2009, Numar persoane, 8010
Total, Total, Bacau, Anul 2010, Numar persoane, 7384
Total, Total, Bacau, Anul 2011, Numar persoane, 7240
Total, Total, Bacau, Anul 2012, Numar persoane, 7195
Total, Total, Bacau, Anul 2013, Numar persoane, 7432
Total, Total, Bacau, Anul 2014, Numar persoane, 7202
Total, Total, Bacau, Anul 2015, Numar persoane, 6959
Total, Total, Bacau, Anul 2016, Numar persoane, 7031
Total, Total, Bacau, Anul 2017, Numar persoane, 6892
Total, Total, Bacau, Anul 2018, Numar persoane, 6611
Total, Total, Bacau, Anul 2019, Numar persoane, 6712
Total, Total, Bacau, Anul 2020, Numar persoane, 6723
Total, Total, Bacau, Anul 2021, Numar persoane, 6746
Total, Total, Botosani, Anul 1990, Numar persoane, 5489
Total, Total, Botosani, Anul 1991, Numar persoane, 5502
Total, Total, Botosani, Anul 1992, Numar persoane, 5689
Total, Total, Botosani, Anul 1993, Numar persoane, 5996
Total, Total, Botosani, Anul 1994, Numar persoane, 6291
Total, Total, Botosani, Anul 1995, Numar persoane, 6326
Total, Total, Botosani, Anul 1996, Numar persoane, 6421
Total, Total, Botosani, Anul 1997, Numar persoane, 6307
Total, Total, Botosani, Anul 1998, Numar persoane, 6141
Total, Total, Botosani, Anul 1999, Numar persoane, 5807
Total, Total, Botosani, Anul 2000, Numar persoane, 5833
Total, Total, Botosani, Anul 2001, Numar persoane, 5906
Total, Total, Botosani, Anul 2002, Numar persoane, 5631
Total, Total, Botosani, Anul 2003, Numar persoane, 5636
Total, Total, Botosani, Anul 2004, Numar persoane, 5693
Total, Total, Botosani, Anul 2005, Numar persoane, 5484
Total, Total, Botosani, Anul 2006, Numar persoane, 5399
Total, Total, Botosani, Anul 2007, Numar persoane, 5385
Total, Total, Botosani, Anul 2008, Numar persoane, 5337
Total, Total, Botosani, Anul 2009, Numar persoane, 5222
Total, Total, Botosani, Anul 2010, Numar persoane, 4999
Total, Total, Botosani, Anul 2011, Numar persoane, 4858
Total, Total, Botosani, Anul 2012, Numar persoane, 4744
Total, Total, Botosani, Anul 2013, Numar persoane, 4903
Total, Total, Botosani, Anul 2014, Numar persoane, 4791
Total, Total, Botosani, Anul 2015, Numar persoane, 4644
Total, Total, Botosani, Anul 2016, Numar persoane, 4629
Total, Total, Botosani, Anul 2017, Numar persoane, 4640
Total, Total, Botosani, Anul 2018, Numar persoane, 4665
Total, Total, Botosani, Anul 2019, Numar persoane, 4614
Total, Total, Botosani, Anul 2020, Numar persoane, 4723
Total, Total, Botosani, Anul 2021, Numar persoane, 4594
Total, Total, Iasi, Anul 1990, Numar persoane, 12572
Total, Total, Iasi, Anul 1991, Numar persoane, 12086
Total, Total, Iasi, Anul 1992, Numar persoane, 12941
Total, Total, Iasi, Anul 1993, Numar persoane, 13025
Total, Total, Iasi, Anul 1994, Numar persoane, 13813
Total, Total, Iasi, Anul 1995, Numar persoane, 14560
Total, Total, Iasi, Anul 1996, Numar persoane, 14953
Total, Total, Iasi, Anul 1997, Numar persoane, 14858
Total, Total, Iasi, Anul 1998, Numar persoane, 15055
Total, Total, Iasi, Anul 1999, Numar persoane, 14524
Total, Total, Iasi, Anul 2000, Numar persoane, 14742
Total, Total, Iasi, Anul 2001, Numar persoane, 14776
Total, Total, Iasi, Anul 2002, Numar persoane, 13914
Total, Total, Iasi, Anul 2003, Numar persoane, 13914
Total, Total, Iasi, Anul 2004, Numar persoane, 14046
Total, Total, Iasi, Anul 2005, Numar persoane, 13767
Total, Total, Iasi, Anul 2006, Numar persoane, 13468
Total, Total, Iasi, Anul 2007, Numar persoane, 13332
Total, Total, Iasi, Anul 2008, Numar persoane, 13061
Total, Total, Iasi, Anul 2009, Numar persoane, 12830
Total, Total, Iasi, Anul 2010, Numar persoane, 12294
Total, Total, Iasi, Anul 2011, Numar persoane, 11999
Total, Total, Iasi, Anul 2012, Numar persoane, 11780
Total, Total, Iasi, Anul 2013, Numar persoane, 11673
Total, Total, Iasi, Anul 2014, Numar persoane, 11705
Total, Total, Iasi, Anul 2015, Numar persoane, 11495
Total, Total, Iasi, Anul 2016, Numar persoane, 11331
Total, Total, Iasi, Anul 2017, Numar persoane, 11469
Total, Total, Iasi, Anul 2018, Numar persoane, 11526
Total, Total, Iasi, Anul 2019, Numar persoane, 11573
Total, Total, Iasi, Anul 2020, Numar persoane, 11630
Total, Total, Iasi, Anul 2021, Numar persoane, 11738
Total, Total, Neamt, Anul 1990, Numar persoane, 6998
Total, Total, Neamt, Anul 1991, Numar persoane, 6922
Total, Total, Neamt, Anul 1992, Numar persoane, 6957
Total, Total, Neamt, Anul 1993, Numar persoane, 7175
Total, Total, Neamt, Anul 1994, Numar persoane, 7441
Total, Total, Neamt, Anul 1995, Numar persoane, 7682
Total, Total, Neamt, Anul 1996, Numar persoane, 7697
Total, Total, Neamt, Anul 1997, Numar persoane, 7267
Total, Total, Neamt, Anul 1998, Numar persoane, 7277
Total, Total, Neamt, Anul 1999, Numar persoane, 7209
Total, Total, Neamt, Anul 2000, Numar persoane, 6943
Total, Total, Neamt, Anul 2001, Numar persoane, 6995
Total, Total, Neamt, Anul 2002, Numar persoane, 6437
Total, Total, Neamt, Anul 2003, Numar persoane, 6429
Total, Total, Neamt, Anul 2004, Numar persoane, 6293
Total, Total, Neamt, Anul 2005, Numar persoane, 6293
Total, Total, Neamt, Anul 2006, Numar persoane, 6081
Total, Total, Neamt, Anul 2007, Numar persoane, 5990
Total, Total, Neamt, Anul 2008, Numar persoane, 5866
Total, Total, Neamt, Anul 2009, Numar persoane, 5705
Total, Total, Neamt, Anul 2010, Numar persoane, 5366
Total, Total, Neamt, Anul 2011, Numar persoane, 5370
Total, Total, Neamt, Anul 2012, Numar persoane, 5314
Total, Total, Neamt, Anul 2013, Numar persoane, 5190
Total, Total, Neamt, Anul 2014, Numar persoane, 5205
Total, Total, Neamt, Anul 2015, Numar persoane, 4930
Total, Total, Neamt, Anul 2016, Numar persoane, 4857
Total, Total, Neamt, Anul 2017, Numar persoane, 4810
Total, Total, Neamt, Anul 2018, Numar persoane, 4681
Total, Total, Neamt, Anul 2019, Numar persoane, 4600
Total, Total, Neamt, Anul 2020, Numar persoane, 4640
Total, Total, Neamt, Anul 2021, Numar persoane, 4629
Total, Total, Suceava, Anul 1990, Numar persoane, 8317
Total, Total, Suceava, Anul 1991, Numar persoane, 8551
Total, Total, Suceava, Anul 1992, Numar persoane, 9255
Total, Total, Suceava, Anul 1993, Numar persoane, 8968
Total, Total, Suceava, Anul 1994, Numar persoane, 9365
Total, Total, Suceava, Anul 1995, Numar persoane, 9576
Total, Total, Suceava, Anul 1996, Numar persoane, 9919
Total, Total, Suceava, Anul 1997, Numar persoane, 10084
Total, Total, Suceava, Anul 1998, Numar persoane, 10131
Total, Total, Suceava, Anul 1999, Numar persoane, 9453
Total, Total, Suceava, Anul 2000, Numar persoane, 9240
Total, Total, Suceava, Anul 2001, Numar persoane, 9647
Total, Total, Suceava, Anul 2002, Numar persoane, 9257
Total, Total, Suceava, Anul 2003, Numar persoane, 9132
Total, Total, Suceava, Anul 2004, Numar persoane, 9304
Total, Total, Suceava, Anul 2005, Numar persoane, 9144
Total, Total, Suceava, Anul 2006, Numar persoane, 9057
Total, Total, Suceava, Anul 2007, Numar persoane, 8811
Total, Total, Suceava, Anul 2008, Numar persoane, 8842
Total, Total, Suceava, Anul 2009, Numar persoane, 8597
Total, Total, Suceava, Anul 2010, Numar persoane, 8191
Total, Total, Suceava, Anul 2011, Numar persoane, 8131
Total, Total, Suceava, Anul 2012, Numar persoane, 8139
Total, Total, Suceava, Anul 2013, Numar persoane, 8177
Total, Total, Suceava, Anul 2014, Numar persoane, 8174
Total, Total, Suceava, Anul 2015, Numar persoane, 8063
Total, Total, Suceava, Anul 2016, Numar persoane, 7985
Total, Total, Suceava, Anul 2017, Numar persoane, 8040
Total, Total, Suceava, Anul 2018, Numar persoane, 8033
Total, Total, Suceava, Anul 2019, Numar persoane, 7948
Total, Total, Suceava, Anul 2020, Numar persoane, 8019
Total, Total, Suceava, Anul 2021, Numar persoane, 8151
Total, Total, Vaslui, Anul 1990, Numar persoane, 5501
Total, Total, Vaslui, Anul 1991, Numar persoane, 5282
Total, Total, Vaslui, Anul 1992, Numar persoane, 5397
Total, Total, Vaslui, Anul 1993, Numar persoane, 5717
Total, Total, Vaslui, Anul 1994, Numar persoane, 5779
Total, Total, Vaslui, Anul 1995, Numar persoane, 5941
Total, Total, Vaslui, Anul 1996, Numar persoane, 6166
Total, Total, Vaslui, Anul 1997, Numar persoane, 6056
Total, Total, Vaslui, Anul 1998, Numar persoane, 6304
Total, Total, Vaslui, Anul 1999, Numar persoane, 6384
Total, Total, Vaslui, Anul 2000, Numar persoane, 5849
Total, Total, Vaslui, Anul 2001, Numar persoane, 5972
Total, Total, Vaslui, Anul 2002, Numar persoane, 5761
Total, Total, Vaslui, Anul 2003, Numar persoane, 5755
Total, Total, Vaslui, Anul 2004, Numar persoane, 5971
Total, Total, Vaslui, Anul 2005, Numar persoane, 5772
Total, Total, Vaslui, Anul 2006, Numar persoane, 5754
Total, Total, Vaslui, Anul 2007, Numar persoane, 5676
Total, Total, Vaslui, Anul 2008, Numar persoane, 5717
Total, Total, Vaslui, Anul 2009, Numar persoane, 5524
Total, Total, Vaslui, Anul 2010, Numar persoane, 5412
Total, Total, Vaslui, Anul 2011, Numar persoane, 5156
Total, Total, Vaslui, Anul 2012, Numar persoane, 5083
Total, Total, Vaslui, Anul 2013, Numar persoane, 4962
Total, Total, Vaslui, Anul 2014, Numar persoane, 4909
Total, Total, Vaslui, Anul 2015, Numar persoane, 4735
Total, Total, Vaslui, Anul 2016, Numar persoane, 4646
Total, Total, Vaslui, Anul 2017, Numar persoane, 4687
Total, Total, Vaslui, Anul 2018, Numar persoane, 4599
Total, Total, Vaslui, Anul 2019, Numar persoane, 4530
Total, Total, Vaslui, Anul 2020, Numar persoane, 4494
Total, Total, Vaslui, Anul 2021, Numar persoane, 4429
Total, Total, Braila, Anul 1990, Numar persoane, 4114
Total, Total, Braila, Anul 1991, Numar persoane, 4152
Total, Total, Braila, Anul 1992, Numar persoane, 4283
Total, Total, Braila, Anul 1993, Numar persoane, 4298
Total, Total, Braila, Anul 1994, Numar persoane, 4472
Total, Total, Braila, Anul 1995, Numar persoane, 4664
Total, Total, Braila, Anul 1996, Numar persoane, 4783
Total, Total, Braila, Anul 1997, Numar persoane, 4698
Total, Total, Braila, Anul 1998, Numar persoane, 4686
Total, Total, Braila, Anul 1999, Numar persoane, 4323
Total, Total, Braila, Anul 2000, Numar persoane, 4223
Total, Total, Braila, Anul 2001, Numar persoane, 4291
Total, Total, Braila, Anul 2002, Numar persoane, 4031
Total, Total, Braila, Anul 2003, Numar persoane, 4039
Total, Total, Braila, Anul 2004, Numar persoane, 4004
Total, Total, Braila, Anul 2005, Numar persoane, 3863
Total, Total, Braila, Anul 2006, Numar persoane, 3652
Total, Total, Braila, Anul 2007, Numar persoane, 3696
Total, Total, Braila, Anul 2008, Numar persoane, 3668
Total, Total, Braila, Anul 2009, Numar persoane, 3616
Total, Total, Braila, Anul 2010, Numar persoane, 3499
Total, Total, Braila, Anul 2011, Numar persoane, 3328
Total, Total, Braila, Anul 2012, Numar persoane, 3268
Total, Total, Braila, Anul 2013, Numar persoane, 3289
Total, Total, Braila, Anul 2014, Numar persoane, 3219
Total, Total, Braila, Anul 2015, Numar persoane, 3127
Total, Total, Braila, Anul 2016, Numar persoane, 3111
Total, Total, Braila, Anul 2017, Numar persoane, 3113
Total, Total, Braila, Anul 2018, Numar persoane, 2983
Total, Total, Braila, Anul 2019, Numar persoane, 2912
Total, Total, Braila, Anul 2020, Numar persoane, 2986
Total, Total, Braila, Anul 2021, Numar persoane, 3020
Total, Total, Buzau, Anul 1990, Numar persoane, 5682
Total, Total, Buzau, Anul 1991, Numar persoane, 5599
Total, Total, Buzau, Anul 1992, Numar persoane, 5799
Total, Total, Buzau, Anul 1993, Numar persoane, 5663
Total, Total, Buzau, Anul 1994, Numar persoane, 5957
Total, Total, Buzau, Anul 1995, Numar persoane, 6325
Total, Total, Buzau, Anul 1996, Numar persoane, 6440
Total, Total, Buzau, Anul 1997, Numar persoane, 6484
Total, Total, Buzau, Anul 1998, Numar persoane, 6629
Total, Total, Buzau, Anul 1999, Numar persoane, 6265
Total, Total, Buzau, Anul 2000, Numar persoane, 6014
Total, Total, Buzau, Anul 2001, Numar persoane, 6117
Total, Total, Buzau, Anul 2002, Numar persoane, 5590
Total, Total, Buzau, Anul 2003, Numar persoane, 5639
Total, Total, Buzau, Anul 2004, Numar persoane, 5742
Total, Total, Buzau, Anul 2005, Numar persoane, 5622
Total, Total, Buzau, Anul 2006, Numar persoane, 5553
Total, Total, Buzau, Anul 2007, Numar persoane, 5540
Total, Total, Buzau, Anul 2008, Numar persoane, 5450
Total, Total, Buzau, Anul 2009, Numar persoane, 5265
Total, Total, Buzau, Anul 2010, Numar persoane, 4872
Total, Total, Buzau, Anul 2011, Numar persoane, 4910
Total, Total, Buzau, Anul 2012, Numar persoane, 4854
Total, Total, Buzau, Anul 2013, Numar persoane, 4867
Total, Total, Buzau, Anul 2014, Numar persoane, 4702
Total, Total, Buzau, Anul 2015, Numar persoane, 4604
Total, Total, Buzau, Anul 2016, Numar persoane, 4590
Total, Total, Buzau, Anul 2017, Numar persoane, 4599
Total, Total, Buzau, Anul 2018, Numar persoane, 4418
Total, Total, Buzau, Anul 2019, Numar persoane, 4364
Total, Total, Buzau, Anul 2020, Numar persoane, 4357
Total, Total, Buzau, Anul 2021, Numar persoane, 4274
Total, Total, Constanta, Anul 1990, Numar persoane, 8311
Total, Total, Constanta, Anul 1991, Numar persoane, 8452
Total, Total, Constanta, Anul 1992, Numar persoane, 8345
Total, Total, Constanta, Anul 1993, Numar persoane, 9002
Total, Total, Constanta, Anul 1994, Numar persoane, 9131
Total, Total, Constanta, Anul 1995, Numar persoane, 9434
Total, Total, Constanta, Anul 1996, Numar persoane, 9607
Total, Total, Constanta, Anul 1997, Numar persoane, 9477
Total, Total, Constanta, Anul 1998, Numar persoane, 9657
Total, Total, Constanta, Anul 1999, Numar persoane, 9455
Total, Total, Constanta, Anul 2000, Numar persoane, 9359
Total, Total, Constanta, Anul 2001, Numar persoane, 9504
Total, Total, Constanta, Anul 2002, Numar persoane, 9119
Total, Total, Constanta, Anul 2003, Numar persoane, 9140
Total, Total, Constanta, Anul 2004, Numar persoane, 9128
Total, Total, Constanta, Anul 2005, Numar persoane, 8966
Total, Total, Constanta, Anul 2006, Numar persoane, 8923
Total, Total, Constanta, Anul 2007, Numar persoane, 8937
Total, Total, Constanta, Anul 2008, Numar persoane, 8973
Total, Total, Constanta, Anul 2009, Numar persoane, 8839
Total, Total, Constanta, Anul 2010, Numar persoane, 8323
Total, Total, Constanta, Anul 2011, Numar persoane, 8311
Total, Total, Constanta, Anul 2012, Numar persoane, 8284
Total, Total, Constanta, Anul 2013, Numar persoane, 8203
Total, Total, Constanta, Anul 2014, Numar persoane, 8067
Total, Total, Constanta, Anul 2015, Numar persoane, 7809
Total, Total, Constanta, Anul 2016, Numar persoane, 7758
Total, Total, Constanta, Anul 2017, Numar persoane, 7748
Total, Total, Constanta, Anul 2018, Numar persoane, 7650
Total, Total, Constanta, Anul 2019, Numar persoane, 7892
Total, Total, Constanta, Anul 2020, Numar persoane, 8030
Total, Total, Constanta, Anul 2021, Numar persoane, 8144
Total, Total, Galati, Anul 1990, Numar persoane, 7158
Total, Total, Galati, Anul 1991, Numar persoane, 6908
Total, Total, Galati, Anul 1992, Numar persoane, 7427
Total, Total, Galati, Anul 1993, Numar persoane, 7589
Total, Total, Galati, Anul 1994, Numar persoane, 7454
Total, Total, Galati, Anul 1995, Numar persoane, 8007
Total, Total, Galati, Anul 1996, Numar persoane, 8128
Total, Total, Galati, Anul 1997, Numar persoane, 8158
Total, Total, Galati, Anul 1998, Numar persoane, 8185
Total, Total, Galati, Anul 1999, Numar persoane, 7812
Total, Total, Galati, Anul 2000, Numar persoane, 7558
Total, Total, Galati, Anul 2001, Numar persoane, 7769
Total, Total, Galati, Anul 2002, Numar persoane, 7366
Total, Total, Galati, Anul 2003, Numar persoane, 7367
Total, Total, Galati, Anul 2004, Numar persoane, 7387
Total, Total, Galati, Anul 2005, Numar persoane, 7212
Total, Total, Galati, Anul 2006, Numar persoane, 7068
Total, Total, Galati, Anul 2007, Numar persoane, 7083
Total, Total, Galati, Anul 2008, Numar persoane, 6893
Total, Total, Galati, Anul 2009, Numar persoane, 6746
Total, Total, Galati, Anul 2010, Numar persoane, 6530
Total, Total, Galati, Anul 2011, Numar persoane, 6787
Total, Total, Galati, Anul 2012, Numar persoane, 6511
Total, Total, Galati, Anul 2013, Numar persoane, 6599
Total, Total, Galati, Anul 2014, Numar persoane, 6407
Total, Total, Galati, Anul 2015, Numar persoane, 6150
Total, Total, Galati, Anul 2016, Numar persoane, 6147
Total, Total, Galati, Anul 2017, Numar persoane, 6019
Total, Total, Galati, Anul 2018, Numar persoane, 5947
Total, Total, Galati, Anul 2019, Numar persoane, 5940
Total, Total, Galati, Anul 2020, Numar persoane, 5884
Total, Total, Galati, Anul 2021, Numar persoane, 6058
Total, Total, Tulcea, Anul 1990, Numar persoane, 2899
Total, Total, Tulcea, Anul 1991, Numar persoane, 2925
Total, Total, Tulcea, Anul 1992, Numar persoane, 3161
Total, Total, Tulcea, Anul 1993, Numar persoane, 3339
Total, Total, Tulcea, Anul 1994, Numar persoane, 3314
Total, Total, Tulcea, Anul 1995, Numar persoane, 3454
Total, Total, Tulcea, Anul 1996, Numar persoane, 3639
Total, Total, Tulcea, Anul 1997, Numar persoane, 3513
Total, Total, Tulcea, Anul 1998, Numar persoane, 3497
Total, Total, Tulcea, Anul 1999, Numar persoane, 3268
Total, Total, Tulcea, Anul 2000, Numar persoane, 3189
Total, Total, Tulcea, Anul 2001, Numar persoane, 3156
Total, Total, Tulcea, Anul 2002, Numar persoane, 2904
Total, Total, Tulcea, Anul 2003, Numar persoane, 2842
Total, Total, Tulcea, Anul 2004, Numar persoane, 3015
Total, Total, Tulcea, Anul 2005, Numar persoane, 2797
Total, Total, Tulcea, Anul 2006, Numar persoane, 2756
Total, Total, Tulcea, Anul 2007, Numar persoane, 2672
Total, Total, Tulcea, Anul 2008, Numar persoane, 2793
Total, Total, Tulcea, Anul 2009, Numar persoane, 2701
Total, Total, Tulcea, Anul 2010, Numar persoane, 2411
Total, Total, Tulcea, Anul 2011, Numar persoane, 2404
Total, Total, Tulcea, Anul 2012, Numar persoane, 2328
Total, Total, Tulcea, Anul 2013, Numar persoane, 2372
Total, Total, Tulcea, Anul 2014, Numar persoane, 2330
Total, Total, Tulcea, Anul 2015, Numar persoane, 2193
Total, Total, Tulcea, Anul 2016, Numar persoane, 2100
Total, Total, Tulcea, Anul 2017, Numar persoane, 2081
Total, Total, Tulcea, Anul 2018, Numar persoane, 2046
Total, Total, Tulcea, Anul 2019, Numar persoane, 2037
Total, Total, Tulcea, Anul 2020, Numar persoane, 2063
Total, Total, Tulcea, Anul 2021, Numar persoane, 2002
Total, Total, Vrancea, Anul 1990, Numar persoane, 4614
Total, Total, Vrancea, Anul 1991, Numar persoane, 4462
Total, Total, Vrancea, Anul 1992, Numar persoane, 4558
Total, Total, Vrancea, Anul 1993, Numar persoane, 4749
Total, Total, Vrancea, Anul 1994, Numar persoane, 4711
Total, Total, Vrancea, Anul 1995, Numar persoane, 4986
Total, Total, Vrancea, Anul 1996, Numar persoane, 5001
Total, Total, Vrancea, Anul 1997, Numar persoane, 4835
Total, Total, Vrancea, Anul 1998, Numar persoane, 4743
Total, Total, Vrancea, Anul 1999, Numar persoane, 4559
Total, Total, Vrancea, Anul 2000, Numar persoane, 4447
Total, Total, Vrancea, Anul 2001, Numar persoane, 4609
Total, Total, Vrancea, Anul 2002, Numar persoane, 4370
Total, Total, Vrancea, Anul 2003, Numar persoane, 4291
Total, Total, Vrancea, Anul 2004, Numar persoane, 4272
Total, Total, Vrancea, Anul 2005, Numar persoane, 4055
Total, Total, Vrancea, Anul 2006, Numar persoane, 3945
Total, Total, Vrancea, Anul 2007, Numar persoane, 3776
Total, Total, Vrancea, Anul 2008, Numar persoane, 3590
Total, Total, Vrancea, Anul 2009, Numar persoane, 3634
Total, Total, Vrancea, Anul 2010, Numar persoane, 3434
Total, Total, Vrancea, Anul 2011, Numar persoane, 3426
Total, Total, Vrancea, Anul 2012, Numar persoane, 3417
Total, Total, Vrancea, Anul 2013, Numar persoane, 3454
Total, Total, Vrancea, Anul 2014, Numar persoane, 3545
Total, Total, Vrancea, Anul 2015, Numar persoane, 3449
Total, Total, Vrancea, Anul 2016, Numar persoane, 3442
Total, Total, Vrancea, Anul 2017, Numar persoane, 3456
Total, Total, Vrancea, Anul 2018, Numar persoane, 3450
Total, Total, Vrancea, Anul 2019, Numar persoane, 3416
Total, Total, Vrancea, Anul 2020, Numar persoane, 3532
Total, Total, Vrancea, Anul 2021, Numar persoane, 3521
Total, Total, Arges, Anul 1990, Numar persoane, 8667
Total, Total, Arges, Anul 1991, Numar persoane, 9085
Total, Total, Arges, Anul 1992, Numar persoane, 9175
Total, Total, Arges, Anul 1993, Numar persoane, 9055
Total, Total, Arges, Anul 1994, Numar persoane, 9224
Total, Total, Arges, Anul 1995, Numar persoane, 9524
Total, Total, Arges, Anul 1996, Numar persoane, 9657
Total, Total, Arges, Anul 1997, Numar persoane, 9372
Total, Total, Arges, Anul 1998, Numar persoane, 9678
Total, Total, Arges, Anul 1999, Numar persoane, 9317
Total, Total, Arges, Anul 2000, Numar persoane, 9292
Total, Total, Arges, Anul 2001, Numar persoane, 9340
Total, Total, Arges, Anul 2002, Numar persoane, 8945
Total, Total, Arges, Anul 2003, Numar persoane, 8720
Total, Total, Arges, Anul 2004, Numar persoane, 8949
Total, Total, Arges, Anul 2005, Numar persoane, 8670
Total, Total, Arges, Anul 2006, Numar persoane, 8410
Total, Total, Arges, Anul 2007, Numar persoane, 8373
Total, Total, Arges, Anul 2008, Numar persoane, 8275
Total, Total, Arges, Anul 2009, Numar persoane, 8230
Total, Total, Arges, Anul 2010, Numar persoane, 7804
Total, Total, Arges, Anul 2011, Numar persoane, 7345
Total, Total, Arges, Anul 2012, Numar persoane, 7230
Total, Total, Arges, Anul 2013, Numar persoane, 7144
Total, Total, Arges, Anul 2014, Numar persoane, 7111
Total, Total, Arges, Anul 2015, Numar persoane, 6854
Total, Total, Arges, Anul 2016, Numar persoane, 6749
Total, Total, Arges, Anul 2017, Numar persoane, 6743
Total, Total, Arges, Anul 2018, Numar persoane, 6627
Total, Total, Arges, Anul 2019, Numar persoane, 6658
Total, Total, Arges, Anul 2020, Numar persoane, 6669
Total, Total, Arges, Anul 2021, Numar persoane, 6664
Total, Total, Calarasi, Anul 1990, Numar persoane, 3149
Total, Total, Calarasi, Anul 1991, Numar persoane, 3161
Total, Total, Calarasi, Anul 1992, Numar persoane, 3216
Total, Total, Calarasi, Anul 1993, Numar persoane, 3193
Total, Total, Calarasi, Anul 1994, Numar persoane, 3308
Total, Total, Calarasi, Anul 1995, Numar persoane, 3422
Total, Total, Calarasi, Anul 1996, Numar persoane, 3524
Total, Total, Calarasi, Anul 1997, Numar persoane, 3514
Total, Total, Calarasi, Anul 1998, Numar persoane, 3532
Total, Total, Calarasi, Anul 1999, Numar persoane, 3394
Total, Total, Calarasi, Anul 2000, Numar persoane, 3345
Total, Total, Calarasi, Anul 2001, Numar persoane, 3377
Total, Total, Calarasi, Anul 2002, Numar persoane, 3230
Total, Total, Calarasi, Anul 2003, Numar persoane, 3109
Total, Total, Calarasi, Anul 2004, Numar persoane, 3131
Total, Total, Calarasi, Anul 2005, Numar persoane, 3117
Total, Total, Calarasi, Anul 2006, Numar persoane, 3118
Total, Total, Calarasi, Anul 2007, Numar persoane, 3056
Total, Total, Calarasi, Anul 2008, Numar persoane, 3115
Total, Total, Calarasi, Anul 2009, Numar persoane, 2994
Total, Total, Calarasi, Anul 2010, Numar persoane, 2987
Total, Total, Calarasi, Anul 2011, Numar persoane, 2946
Total, Total, Calarasi, Anul 2012, Numar persoane, 2822
Total, Total, Calarasi, Anul 2013, Numar persoane, 2866
Total, Total, Calarasi, Anul 2014, Numar persoane, 2917
Total, Total, Calarasi, Anul 2015, Numar persoane, 2716
Total, Total, Calarasi, Anul 2016, Numar persoane, 2724
Total, Total, Calarasi, Anul 2017, Numar persoane, 2670
Total, Total, Calarasi, Anul 2018, Numar persoane, 2671
Total, Total, Calarasi, Anul 2019, Numar persoane, 2654
Total, Total, Calarasi, Anul 2020, Numar persoane, 2609
Total, Total, Calarasi, Anul 2021, Numar persoane, 2625
Total, Total, Dambovita, Anul 1990, Numar persoane, 6146
Total, Total, Dambovita, Anul 1991, Numar persoane, 5868
Total, Total, Dambovita, Anul 1992, Numar persoane, 5980
Total, Total, Dambovita, Anul 1993, Numar persoane, 6239
Total, Total, Dambovita, Anul 1994, Numar persoane, 6279
Total, Total, Dambovita, Anul 1995, Numar persoane, 6607
Total, Total, Dambovita, Anul 1996, Numar persoane, 6985
Total, Total, Dambovita, Anul 1997, Numar persoane, 6931
Total, Total, Dambovita, Anul 1998, Numar persoane, 7065
Total, Total, Dambovita, Anul 1999, Numar persoane, 6878
Total, Total, Dambovita, Anul 2000, Numar persoane, 6957
Total, Total, Dambovita, Anul 2001, Numar persoane, 7117
Total, Total, Dambovita, Anul 2002, Numar persoane, 6787
Total, Total, Dambovita, Anul 2003, Numar persoane, 6429
Total, Total, Dambovita, Anul 2004, Numar persoane, 6572
Total, Total, Dambovita, Anul 2005, Numar persoane, 6605
Total, Total, Dambovita, Anul 2006, Numar persoane, 6612
Total, Total, Dambovita, Anul 2007, Numar persoane, 6505
Total, Total, Dambovita, Anul 2008, Numar persoane, 6484
Total, Total, Dambovita, Anul 2009, Numar persoane, 6284
Total, Total, Dambovita, Anul 2010, Numar persoane, 5949
Total, Total, Dambovita, Anul 2011, Numar persoane, 5745
Total, Total, Dambovita, Anul 2012, Numar persoane, 5613
Total, Total, Dambovita, Anul 2013, Numar persoane, 5567
Total, Total, Dambovita, Anul 2014, Numar persoane, 5621
Total, Total, Dambovita, Anul 2015, Numar persoane, 5394
Total, Total, Dambovita, Anul 2016, Numar persoane, 5333
Total, Total, Dambovita, Anul 2017, Numar persoane, 5251
Total, Total, Dambovita, Anul 2018, Numar persoane, 4933
Total, Total, Dambovita, Anul 2019, Numar persoane, 4927
Total, Total, Dambovita, Anul 2020, Numar persoane, 4888
Total, Total, Dambovita, Anul 2021, Numar persoane, 4892
Total, Total, Giurgiu, Anul 1990, Numar persoane, 2631
Total, Total, Giurgiu, Anul 1991, Numar persoane, 2512
Total, Total, Giurgiu, Anul 1992, Numar persoane, 2599
Total, Total, Giurgiu, Anul 1993, Numar persoane, 2638
Total, Total, Giurgiu, Anul 1994, Numar persoane, 2687
Total, Total, Giurgiu, Anul 1995, Numar persoane, 2825
Total, Total, Giurgiu, Anul 1996, Numar persoane, 2880
Total, Total, Giurgiu, Anul 1997, Numar persoane, 2774
Total, Total, Giurgiu, Anul 1998, Numar persoane, 2830
Total, Total, Giurgiu, Anul 1999, Numar persoane, 2607
Total, Total, Giurgiu, Anul 2000, Numar persoane, 2605
Total, Total, Giurgiu, Anul 2001, Numar persoane, 2703
Total, Total, Giurgiu, Anul 2002, Numar persoane, 2554
Total, Total, Giurgiu, Anul 2003, Numar persoane, 2522
Total, Total, Giurgiu, Anul 2004, Numar persoane, 2678
Total, Total, Giurgiu, Anul 2005, Numar persoane, 2553
Total, Total, Giurgiu, Anul 2006, Numar persoane, 2531
Total, Total, Giurgiu, Anul 2007, Numar persoane, 2581
Total, Total, Giurgiu, Anul 2008, Numar persoane, 2676
Total, Total, Giurgiu, Anul 2009, Numar persoane, 2681
Total, Total, Giurgiu, Anul 2010, Numar persoane, 2555
Total, Total, Giurgiu, Anul 2011, Numar persoane, 2534
Total, Total, Giurgiu, Anul 2012, Numar persoane, 2473
Total, Total, Giurgiu, Anul 2013, Numar persoane, 2545
Total, Total, Giurgiu, Anul 2014, Numar persoane, 2531
Total, Total, Giurgiu, Anul 2015, Numar persoane, 2439
Total, Total, Giurgiu, Anul 2016, Numar persoane, 2507
Total, Total, Giurgiu, Anul 2017, Numar persoane, 2481
Total, Total, Giurgiu, Anul 2018, Numar persoane, 2429
Total, Total, Giurgiu, Anul 2019, Numar persoane, 2403
Total, Total, Giurgiu, Anul 2020, Numar persoane, 2353
Total, Total, Giurgiu, Anul 2021, Numar persoane, 2404
Total, Total, Ialomita, Anul 1990, Numar persoane, 3126
Total, Total, Ialomita, Anul 1991, Numar persoane, 2978
Total, Total, Ialomita, Anul 1992, Numar persoane, 3176
Total, Total, Ialomita, Anul 1993, Numar persoane, 3128
Total, Total, Ialomita, Anul 1994, Numar persoane, 3172
Total, Total, Ialomita, Anul 1995, Numar persoane, 3209
Total, Total, Ialomita, Anul 1996, Numar persoane, 3418
Total, Total, Ialomita, Anul 1997, Numar persoane, 3421
Total, Total, Ialomita, Anul 1998, Numar persoane, 3325
Total, Total, Ialomita, Anul 1999, Numar persoane, 2976
Total, Total, Ialomita, Anul 2000, Numar persoane, 2977
Total, Total, Ialomita, Anul 2001, Numar persoane, 3134
Total, Total, Ialomita, Anul 2002, Numar persoane, 2872
Total, Total, Ialomita, Anul 2003, Numar persoane, 2980
Total, Total, Ialomita, Anul 2004, Numar persoane, 3088
Total, Total, Ialomita, Anul 2005, Numar persoane, 2991
Total, Total, Ialomita, Anul 2006, Numar persoane, 2967
Total, Total, Ialomita, Anul 2007, Numar persoane, 2964
Total, Total, Ialomita, Anul 2008, Numar persoane, 2927
Total, Total, Ialomita, Anul 2009, Numar persoane, 2905
Total, Total, Ialomita, Anul 2010, Numar persoane, 2780
Total, Total, Ialomita, Anul 2011, Numar persoane, 2726
Total, Total, Ialomita, Anul 2012, Numar persoane, 2717
Total, Total, Ialomita, Anul 2013, Numar persoane, 2685
Total, Total, Ialomita, Anul 2014, Numar persoane, 2495
Total, Total, Ialomita, Anul 2015, Numar persoane, 2448
Total, Total, Ialomita, Anul 2016, Numar persoane, 2447
Total, Total, Ialomita, Anul 2017, Numar persoane, 2341
Total, Total, Ialomita, Anul 2018, Numar persoane, 2328
Total, Total, Ialomita, Anul 2019, Numar persoane, 2319
Total, Total, Ialomita, Anul 2020, Numar persoane, 2309
Total, Total, Ialomita, Anul 2021, Numar persoane, 2274
Total, Total, Prahova, Anul 1990, Numar persoane, 9004
Total, Total, Prahova, Anul 1991, Numar persoane, 8900
Total, Total, Prahova, Anul 1992, Numar persoane, 8952
Total, Total, Prahova, Anul 1993, Numar persoane, 8998
Total, Total, Prahova, Anul 1994, Numar persoane, 9387
Total, Total, Prahova, Anul 1995, Numar persoane, 9539
Total, Total, Prahova, Anul 1996, Numar persoane, 9831
Total, Total, Prahova, Anul 1997, Numar persoane, 9459
Total, Total, Prahova, Anul 1998, Numar persoane, 9395
Total, Total, Prahova, Anul 1999, Numar persoane, 9018
Total, Total, Prahova, Anul 2000, Numar persoane, 8792
Total, Total, Prahova, Anul 2001, Numar persoane, 8844
Total, Total, Prahova, Anul 2002, Numar persoane, 8445
Total, Total, Prahova, Anul 2003, Numar persoane, 8452
Total, Total, Prahova, Anul 2004, Numar persoane, 8750
Total, Total, Prahova, Anul 2005, Numar persoane, 8643
Total, Total, Prahova, Anul 2006, Numar persoane, 8439
Total, Total, Prahova, Anul 2007, Numar persoane, 8334
Total, Total, Prahova, Anul 2008, Numar persoane, 8295
Total, Total, Prahova, Anul 2009, Numar persoane, 8130
Total, Total, Prahova, Anul 2010, Numar persoane, 7907
Total, Total, Prahova, Anul 2011, Numar persoane, 7509
Total, Total, Prahova, Anul 2012, Numar persoane, 7581
Total, Total, Prahova, Anul 2013, Numar persoane, 7400
Total, Total, Prahova, Anul 2014, Numar persoane, 7198
Total, Total, Prahova, Anul 2015, Numar persoane, 7080
Total, Total, Prahova, Anul 2016, Numar persoane, 7048
Total, Total, Prahova, Anul 2017, Numar persoane, 7076
Total, Total, Prahova, Anul 2018, Numar persoane, 7098
Total, Total, Prahova, Anul 2019, Numar persoane, 6975
Total, Total, Prahova, Anul 2020, Numar persoane, 6960
Total, Total, Prahova, Anul 2021, Numar persoane, 7053
Total, Total, Teleorman, Anul 1990, Numar persoane, 4747
Total, Total, Teleorman, Anul 1991, Numar persoane, 4710
Total, Total, Teleorman, Anul 1992, Numar persoane, 4659
Total, Total, Teleorman, Anul 1993, Numar persoane, 4593
Total, Total, Teleorman, Anul 1994, Numar persoane, 4782
Total, Total, Teleorman, Anul 1995, Numar persoane, 4901
Total, Total, Teleorman, Anul 1996, Numar persoane, 4855
Total, Total, Teleorman, Anul 1997, Numar persoane, 4977
Total, Total, Teleorman, Anul 1998, Numar persoane, 4916
Total, Total, Teleorman, Anul 1999, Numar persoane, 4765
Total, Total, Teleorman, Anul 2000, Numar persoane, 4639
Total, Total, Teleorman, Anul 2001, Numar persoane, 4885
Total, Total, Teleorman, Anul 2002, Numar persoane, 4729
Total, Total, Teleorman, Anul 2003, Numar persoane, 4738
Total, Total, Teleorman, Anul 2004, Numar persoane, 4965
Total, Total, Teleorman, Anul 2005, Numar persoane, 4942
Total, Total, Teleorman, Anul 2006, Numar persoane, 4950
Total, Total, Teleorman, Anul 2007, Numar persoane, 4969
Total, Total, Teleorman, Anul 2008, Numar persoane, 5024
Total, Total, Teleorman, Anul 2009, Numar persoane, 4505
Total, Total, Teleorman, Anul 2010, Numar persoane, 3908
Total, Total, Teleorman, Anul 2011, Numar persoane, 3833
Total, Total, Teleorman, Anul 2012, Numar persoane, 3883
Total, Total, Teleorman, Anul 2013, Numar persoane, 3857
Total, Total, Teleorman, Anul 2014, Numar persoane, 3726
Total, Total, Teleorman, Anul 2015, Numar persoane, 3405
Total, Total, Teleorman, Anul 2016, Numar persoane, 3450
Total, Total, Teleorman, Anul 2017, Numar persoane, 3412
Total, Total, Teleorman, Anul 2018, Numar persoane, 3249
Total, Total, Teleorman, Anul 2019, Numar persoane, 3187
Total, Total, Teleorman, Anul 2020, Numar persoane, 3253
Total, Total, Teleorman, Anul 2021, Numar persoane, 3250
Total, Total, Ilfov, Anul 1996, Numar persoane, 2640
Total, Total, Ilfov, Anul 1997, Numar persoane, 2659
Total, Total, Ilfov, Anul 1998, Numar persoane, 2551
Total, Total, Ilfov, Anul 1999, Numar persoane, 2564
Total, Total, Ilfov, Anul 2000, Numar persoane, 2552
Total, Total, Ilfov, Anul 2001, Numar persoane, 2631
Total, Total, Ilfov, Anul 2002, Numar persoane, 2471
Total, Total, Ilfov, Anul 2003, Numar persoane, 2399
Total, Total, Ilfov, Anul 2004, Numar persoane, 2506
Total, Total, Ilfov, Anul 2005, Numar persoane, 2514
Total, Total, Ilfov, Anul 2006, Numar persoane, 2451
Total, Total, Ilfov, Anul 2007, Numar persoane, 2526
Total, Total, Ilfov, Anul 2008, Numar persoane, 2363
Total, Total, Ilfov, Anul 2009, Numar persoane, 2364
Total, Total, Ilfov, Anul 2010, Numar persoane, 2265
Total, Total, Ilfov, Anul 2011, Numar persoane, 2255
Total, Total, Ilfov, Anul 2012, Numar persoane, 2350
Total, Total, Ilfov, Anul 2013, Numar persoane, 2646
Total, Total, Ilfov, Anul 2014, Numar persoane, 2776
Total, Total, Ilfov, Anul 2015, Numar persoane, 2762
Total, Total, Ilfov, Anul 2016, Numar persoane, 2747
Total, Total, Ilfov, Anul 2017, Numar persoane, 2845
Total, Total, Ilfov, Anul 2018, Numar persoane, 2939
Total, Total, Ilfov, Anul 2019, Numar persoane, 3111
Total, Total, Ilfov, Anul 2020, Numar persoane, 3243
Total, Total, Ilfov, Anul 2021, Numar persoane, 3385
Total, Total, Municipiul Bucuresti, Anul 1996, Numar persoane, 32289
Total, Total, Municipiul Bucuresti, Anul 1997, Numar persoane, 30430
Total, Total, Municipiul Bucuresti, Anul 1998, Numar persoane, 30185
Total, Total, Municipiul Bucuresti, Anul 1999, Numar persoane, 30085
Total, Total, Municipiul Bucuresti, Anul 2000, Numar persoane, 28515
Total, Total, Municipiul Bucuresti, Anul 2001, Numar persoane, 29250
Total, Total, Municipiul Bucuresti, Anul 2002, Numar persoane, 28515
Total, Total, Municipiul Bucuresti, Anul 2003, Numar persoane, 27200
Total, Total, Municipiul Bucuresti, Anul 2004, Numar persoane, 28643
Total, Total, Municipiul Bucuresti, Anul 2005, Numar persoane, 29179
Total, Total, Municipiul Bucuresti, Anul 2006, Numar persoane, 28384
Total, Total, Municipiul Bucuresti, Anul 2007, Numar persoane, 29192
Total, Total, Municipiul Bucuresti, Anul 2008, Numar persoane, 28551
Total, Total, Municipiul Bucuresti, Anul 2009, Numar persoane, 27757
Total, Total, Municipiul Bucuresti, Anul 2010, Numar persoane, 26303
Total, Total, Municipiul Bucuresti, Anul 2011, Numar persoane, 25265
Total, Total, Municipiul Bucuresti, Anul 2012, Numar persoane, 25093
Total, Total, Municipiul Bucuresti, Anul 2013, Numar persoane, 25408
Total, Total, Municipiul Bucuresti, Anul 2014, Numar persoane, 25189
Total, Total, Municipiul Bucuresti, Anul 2015, Numar persoane, 25172
Total, Total, Municipiul Bucuresti, Anul 2016, Numar persoane, 25362
Total, Total, Municipiul Bucuresti, Anul 2017, Numar persoane, 25902
Total, Total, Municipiul Bucuresti, Anul 2018, Numar persoane, 26494
Total, Total, Municipiul Bucuresti, Anul 2019, Numar persoane, 26598
Total, Total, Municipiul Bucuresti, Anul 2020, Numar persoane, 26675
Total, Total, Municipiul Bucuresti, Anul 2021, Numar persoane, 27243
Total, Total, Dolj, Anul 1990, Numar persoane, 9037
Total, Total, Dolj, Anul 1991, Numar persoane, 9020
Total, Total, Dolj, Anul 1992, Numar persoane, 9467
Total, Total, Dolj, Anul 1993, Numar persoane, 9737
Total, Total, Dolj, Anul 1994, Numar persoane, 10159
Total, Total, Dolj, Anul 1995, Numar persoane, 10588
Total, Total, Dolj, Anul 1996, Numar persoane, 11008
Total, Total, Dolj, Anul 1997, Numar persoane, 11144
Total, Total, Dolj, Anul 1998, Numar persoane, 11209
Total, Total, Dolj, Anul 1999, Numar persoane, 10876
Total, Total, Dolj, Anul 2000, Numar persoane, 10402
Total, Total, Dolj, Anul 2001, Numar persoane, 10679
Total, Total, Dolj, Anul 2002, Numar persoane, 10318
Total, Total, Dolj, Anul 2003, Numar persoane, 9960
Total, Total, Dolj, Anul 2004, Numar persoane, 9958
Total, Total, Dolj, Anul 2005, Numar persoane, 9837
Total, Total, Dolj, Anul 2006, Numar persoane, 9854
Total, Total, Dolj, Anul 2007, Numar persoane, 9642
Total, Total, Dolj, Anul 2008, Numar persoane, 9372
Total, Total, Dolj, Anul 2009, Numar persoane, 9582
Total, Total, Dolj, Anul 2010, Numar persoane, 8708
Total, Total, Dolj, Anul 2011, Numar persoane, 8470
Total, Total, Dolj, Anul 2012, Numar persoane, 8245
Total, Total, Dolj, Anul 2013, Numar persoane, 8304
Total, Total, Dolj, Anul 2014, Numar persoane, 8445
Total, Total, Dolj, Anul 2015, Numar persoane, 8154
Total, Total, Dolj, Anul 2016, Numar persoane, 8042
Total, Total, Dolj, Anul 2017, Numar persoane, 7953
Total, Total, Dolj, Anul 2018, Numar persoane, 7876
Total, Total, Dolj, Anul 2019, Numar persoane, 7997
Total, Total, Dolj, Anul 2020, Numar persoane, 7981
Total, Total, Dolj, Anul 2021, Numar persoane, 7877
Total, Total, Gorj, Anul 1990, Numar persoane, 4892
Total, Total, Gorj, Anul 1991, Numar persoane, 4653
Total, Total, Gorj, Anul 1992, Numar persoane, 4843
Total, Total, Gorj, Anul 1993, Numar persoane, 4925
Total, Total, Gorj, Anul 1994, Numar persoane, 5034
Total, Total, Gorj, Anul 1995, Numar persoane, 5283
Total, Total, Gorj, Anul 1996, Numar persoane, 5409
Total, Total, Gorj, Anul 1997, Numar persoane, 5282
Total, Total, Gorj, Anul 1998, Numar persoane, 5404
Total, Total, Gorj, Anul 1999, Numar persoane, 5134
Total, Total, Gorj, Anul 2000, Numar persoane, 5133
Total, Total, Gorj, Anul 2001, Numar persoane, 5259
Total, Total, Gorj, Anul 2002, Numar persoane, 4950
Total, Total, Gorj, Anul 2003, Numar persoane, 4911
Total, Total, Gorj, Anul 2004, Numar persoane, 4985
Total, Total, Gorj, Anul 2005, Numar persoane, 4944
Total, Total, Gorj, Anul 2006, Numar persoane, 4850
Total, Total, Gorj, Anul 2007, Numar persoane, 4963
Total, Total, Gorj, Anul 2008, Numar persoane, 5015
Total, Total, Gorj, Anul 2009, Numar persoane, 4736
Total, Total, Gorj, Anul 2010, Numar persoane, 4409
Total, Total, Gorj, Anul 2011, Numar persoane, 4347
Total, Total, Gorj, Anul 2012, Numar persoane, 4448
Total, Total, Gorj, Anul 2013, Numar persoane, 4541
Total, Total, Gorj, Anul 2014, Numar persoane, 4460
Total, Total, Gorj, Anul 2015, Numar persoane, 4296
Total, Total, Gorj, Anul 2016, Numar persoane, 4162
Total, Total, Gorj, Anul 2017, Numar persoane, 4084
Total, Total, Gorj, Anul 2018, Numar persoane, 3983
Total, Total, Gorj, Anul 2019, Numar persoane, 3891
Total, Total, Gorj, Anul 2020, Numar persoane, 3809
Total, Total, Gorj, Anul 2021, Numar persoane, 3841
Total, Total, Mehedinti, Anul 1990, Numar persoane, 3766
Total, Total, Mehedinti, Anul 1991, Numar persoane, 3707
Total, Total, Mehedinti, Anul 1992, Numar persoane, 3865
Total, Total, Mehedinti, Anul 1993, Numar persoane, 3827
Total, Total, Mehedinti, Anul 1994, Numar persoane, 3928
Total, Total, Mehedinti, Anul 1995, Numar persoane, 4012
Total, Total, Mehedinti, Anul 1996, Numar persoane, 4023
Total, Total, Mehedinti, Anul 1997, Numar persoane, 3985
Total, Total, Mehedinti, Anul 1998, Numar persoane, 3960
Total, Total, Mehedinti, Anul 1999, Numar persoane, 3923
Total, Total, Mehedinti, Anul 2000, Numar persoane, 3846
Total, Total, Mehedinti, Anul 2001, Numar persoane, 3922
Total, Total, Mehedinti, Anul 2002, Numar persoane, 3908
Total, Total, Mehedinti, Anul 2003, Numar persoane, 3768
Total, Total, Mehedinti, Anul 2004, Numar persoane, 3782
Total, Total, Mehedinti, Anul 2005, Numar persoane, 3519
Total, Total, Mehedinti, Anul 2006, Numar persoane, 3535
Total, Total, Mehedinti, Anul 2007, Numar persoane, 3547
Total, Total, Mehedinti, Anul 2008, Numar persoane, 3519
Total, Total, Mehedinti, Anul 2009, Numar persoane, 3370
Total, Total, Mehedinti, Anul 2010, Numar persoane, 3195
Total, Total, Mehedinti, Anul 2011, Numar persoane, 3159
Total, Total, Mehedinti, Anul 2012, Numar persoane, 3005
Total, Total, Mehedinti, Anul 2013, Numar persoane, 3022
Total, Total, Mehedinti, Anul 2014, Numar persoane, 2977
Total, Total, Mehedinti, Anul 2015, Numar persoane, 2823
Total, Total, Mehedinti, Anul 2016, Numar persoane, 2782
Total, Total, Mehedinti, Anul 2017, Numar persoane, 2796
Total, Total, Mehedinti, Anul 2018, Numar persoane, 2705
Total, Total, Mehedinti, Anul 2019, Numar persoane, 2680
Total, Total, Mehedinti, Anul 2020, Numar persoane, 2732
Total, Total, Mehedinti, Anul 2021, Numar persoane, 2703
Total, Total, Olt, Anul 1990, Numar persoane, 5775
Total, Total, Olt, Anul 1991, Numar persoane, 5647
Total, Total, Olt, Anul 1992, Numar persoane, 5830
Total, Total, Olt, Anul 1993, Numar persoane, 5901
Total, Total, Olt, Anul 1994, Numar persoane, 5950
Total, Total, Olt, Anul 1995, Numar persoane, 6167
Total, Total, Olt, Anul 1996, Numar persoane, 6266
Total, Total, Olt, Anul 1997, Numar persoane, 6149
Total, Total, Olt, Anul 1998, Numar persoane, 6334
Total, Total, Olt, Anul 1999, Numar persoane, 6107
Total, Total, Olt, Anul 2000, Numar persoane, 6284
Total, Total, Olt, Anul 2001, Numar persoane, 6250
Total, Total, Olt, Anul 2002, Numar persoane, 5842
Total, Total, Olt, Anul 2003, Numar persoane, 5515
Total, Total, Olt, Anul 2004, Numar persoane, 5693
Total, Total, Olt, Anul 2005, Numar persoane, 5666
Total, Total, Olt, Anul 2006, Numar persoane, 5746
Total, Total, Olt, Anul 2007, Numar persoane, 5645
Total, Total, Olt, Anul 2008, Numar persoane, 5662
Total, Total, Olt, Anul 2009, Numar persoane, 5235
Total, Total, Olt, Anul 2010, Numar persoane, 4876
Total, Total, Olt, Anul 2011, Numar persoane, 5099
Total, Total, Olt, Anul 2012, Numar persoane, 4817
Total, Total, Olt, Anul 2013, Numar persoane, 4865
Total, Total, Olt, Anul 2014, Numar persoane, 4611
Total, Total, Olt, Anul 2015, Numar persoane, 4430
Total, Total, Olt, Anul 2016, Numar persoane, 4242
Total, Total, Olt, Anul 2017, Numar persoane, 4302
Total, Total, Olt, Anul 2018, Numar persoane, 4090
Total, Total, Olt, Anul 2019, Numar persoane, 3998
Total, Total, Olt, Anul 2020, Numar persoane, 4043
Total, Total, Olt, Anul 2021, Numar persoane, 4026
Total, Total, Valcea, Anul 1990, Numar persoane, 5462
Total, Total, Valcea, Anul 1991, Numar persoane, 5321
Total, Total, Valcea, Anul 1992, Numar persoane, 5596
Total, Total, Valcea, Anul 1993, Numar persoane, 5175
Total, Total, Valcea, Anul 1994, Numar persoane, 5376
Total, Total, Valcea, Anul 1995, Numar persoane, 5612
Total, Total, Valcea, Anul 1996, Numar persoane, 5522
Total, Total, Valcea, Anul 1997, Numar persoane, 5461
Total, Total, Valcea, Anul 1998, Numar persoane, 5673
Total, Total, Valcea, Anul 1999, Numar persoane, 5459
Total, Total, Valcea, Anul 2000, Numar persoane, 5403
Total, Total, Valcea, Anul 2001, Numar persoane, 5530
Total, Total, Valcea, Anul 2002, Numar persoane, 5254
Total, Total, Valcea, Anul 2003, Numar persoane, 5020
Total, Total, Valcea, Anul 2004, Numar persoane, 5163
Total, Total, Valcea, Anul 2005, Numar persoane, 5505
Total, Total, Valcea, Anul 2006, Numar persoane, 5435
Total, Total, Valcea, Anul 2007, Numar persoane, 5327
Total, Total, Valcea, Anul 2008, Numar persoane, 5400
Total, Total, Valcea, Anul 2009, Numar persoane, 5273
Total, Total, Valcea, Anul 2010, Numar persoane, 4931
Total, Total, Valcea, Anul 2011, Numar persoane, 4632
Total, Total, Valcea, Anul 2012, Numar persoane, 4577
Total, Total, Valcea, Anul 2013, Numar persoane, 4705
Total, Total, Valcea, Anul 2014, Numar persoane, 4552
Total, Total, Valcea, Anul 2015, Numar persoane, 4371
Total, Total, Valcea, Anul 2016, Numar persoane, 4134
Total, Total, Valcea, Anul 2017, Numar persoane, 4063
Total, Total, Valcea, Anul 2018, Numar persoane, 4127
Total, Total, Valcea, Anul 2019, Numar persoane, 3976
Total, Total, Valcea, Anul 2020, Numar persoane, 4016
Total, Total, Valcea, Anul 2021, Numar persoane, 4097
Total, Total, Arad, Anul 1990, Numar persoane, 4798
Total, Total, Arad, Anul 1991, Numar persoane, 5128
Total, Total, Arad, Anul 1992, Numar persoane, 5257
Total, Total, Arad, Anul 1993, Numar persoane, 5516
Total, Total, Arad, Anul 1994, Numar persoane, 5563
Total, Total, Arad, Anul 1995, Numar persoane, 5876
Total, Total, Arad, Anul 1996, Numar persoane, 6091
Total, Total, Arad, Anul 1997, Numar persoane, 6298
Total, Total, Arad, Anul 1998, Numar persoane, 6693
Total, Total, Arad, Anul 1999, Numar persoane, 6255
Total, Total, Arad, Anul 2000, Numar persoane, 6019
Total, Total, Arad, Anul 2001, Numar persoane, 5863
Total, Total, Arad, Anul 2002, Numar persoane, 5953
Total, Total, Arad, Anul 2003, Numar persoane, 5710
Total, Total, Arad, Anul 2004, Numar persoane, 5658
Total, Total, Arad, Anul 2005, Numar persoane, 5562
Total, Total, Arad, Anul 2006, Numar persoane, 5500
Total, Total, Arad, Anul 2007, Numar persoane, 5931
Total, Total, Arad, Anul 2008, Numar persoane, 5559
Total, Total, Arad, Anul 2009, Numar persoane, 5290
Total, Total, Arad, Anul 2010, Numar persoane, 5040
Total, Total, Arad, Anul 2011, Numar persoane, 4747
Total, Total, Arad, Anul 2012, Numar persoane, 5174
Total, Total, Arad, Anul 2013, Numar persoane, 5244
Total, Total, Arad, Anul 2014, Numar persoane, 5210
Total, Total, Arad, Anul 2015, Numar persoane, 4981
Total, Total, Arad, Anul 2016, Numar persoane, 4902
Total, Total, Arad, Anul 2017, Numar persoane, 4920
Total, Total, Arad, Anul 2018, Numar persoane, 4909
Total, Total, Arad, Anul 2019, Numar persoane, 4836
Total, Total, Arad, Anul 2020, Numar persoane, 4850
Total, Total, Arad, Anul 2021, Numar persoane, 4901
Total, Total, Caras-Severin, Anul 1990, Numar persoane, 4321
Total, Total, Caras-Severin, Anul 1991, Numar persoane, 4146
Total, Total, Caras-Severin, Anul 1992, Numar persoane, 4540
Total, Total, Caras-Severin, Anul 1993, Numar persoane, 4607
Total, Total, Caras-Severin, Anul 1994, Numar persoane, 4547
Total, Total, Caras-Severin, Anul 1995, Numar persoane, 4474
Total, Total, Caras-Severin, Anul 1996, Numar persoane, 4734
Total, Total, Caras-Severin, Anul 1997, Numar persoane, 4521
Total, Total, Caras-Severin, Anul 1998, Numar persoane, 4630
Total, Total, Caras-Severin, Anul 1999, Numar persoane, 4526
Total, Total, Caras-Severin, Anul 2000, Numar persoane, 4366
Total, Total, Caras-Severin, Anul 2001, Numar persoane, 4345
Total, Total, Caras-Severin, Anul 2002, Numar persoane, 4050
Total, Total, Caras-Severin, Anul 2003, Numar persoane, 4016
Total, Total, Caras-Severin, Anul 2004, Numar persoane, 3942
Total, Total, Caras-Severin, Anul 2005, Numar persoane, 3975
Total, Total, Caras-Severin, Anul 2006, Numar persoane, 3936
Total, Total, Caras-Severin, Anul 2007, Numar persoane, 4089
Total, Total, Caras-Severin, Anul 2008, Numar persoane, 3965
Total, Total, Caras-Severin, Anul 2009, Numar persoane, 3933
Total, Total, Caras-Severin, Anul 2010, Numar persoane, 3583
Total, Total, Caras-Severin, Anul 2011, Numar persoane, 3750
Total, Total, Caras-Severin, Anul 2012, Numar persoane, 3790
Total, Total, Caras-Severin, Anul 2013, Numar persoane, 3778
Total, Total, Caras-Severin, Anul 2014, Numar persoane, 3616
Total, Total, Caras-Severin, Anul 2015, Numar persoane, 3445
Total, Total, Caras-Severin, Anul 2016, Numar persoane, 3390
Total, Total, Caras-Severin, Anul 2017, Numar persoane, 3357
Total, Total, Caras-Severin, Anul 2018, Numar persoane, 3296
Total, Total, Caras-Severin, Anul 2019, Numar persoane, 3297
Total, Total, Caras-Severin, Anul 2020, Numar persoane, 3218
Total, Total, Caras-Severin, Anul 2021, Numar persoane, 3141
Total, Total, Hunedoara, Anul 1990, Numar persoane, 5233
Total, Total, Hunedoara, Anul 1991, Numar persoane, 5281
Total, Total, Hunedoara, Anul 1992, Numar persoane, 5247
Total, Total, Hunedoara, Anul 1993, Numar persoane, 5444
Total, Total, Hunedoara, Anul 1994, Numar persoane, 5676
Total, Total, Hunedoara, Anul 1995, Numar persoane, 6166
Total, Total, Hunedoara, Anul 1996, Numar persoane, 6438
Total, Total, Hunedoara, Anul 1997, Numar persoane, 6279
Total, Total, Hunedoara, Anul 1998, Numar persoane, 6373
Total, Total, Hunedoara, Anul 1999, Numar persoane, 5989
Total, Total, Hunedoara, Anul 2000, Numar persoane, 5945
Total, Total, Hunedoara, Anul 2001, Numar persoane, 6288
Total, Total, Hunedoara, Anul 2002, Numar persoane, 5855
Total, Total, Hunedoara, Anul 2003, Numar persoane, 5621
Total, Total, Hunedoara, Anul 2004, Numar persoane, 5841
Total, Total, Hunedoara, Anul 2005, Numar persoane, 5622
Total, Total, Hunedoara, Anul 2006, Numar persoane, 5387
Total, Total, Hunedoara, Anul 2007, Numar persoane, 5399
Total, Total, Hunedoara, Anul 2008, Numar persoane, 5307
Total, Total, Hunedoara, Anul 2009, Numar persoane, 5243
Total, Total, Hunedoara, Anul 2010, Numar persoane, 4861
Total, Total, Hunedoara, Anul 2011, Numar persoane, 4754
Total, Total, Hunedoara, Anul 2012, Numar persoane, 4542
Total, Total, Hunedoara, Anul 2013, Numar persoane, 4613
Total, Total, Hunedoara, Anul 2014, Numar persoane, 4427
Total, Total, Hunedoara, Anul 2015, Numar persoane, 4224
Total, Total, Hunedoara, Anul 2016, Numar persoane, 4047
Total, Total, Hunedoara, Anul 2017, Numar persoane, 4000
Total, Total, Hunedoara, Anul 2018, Numar persoane, 3842
Total, Total, Hunedoara, Anul 2019, Numar persoane, 3857
Total, Total, Hunedoara, Anul 2020, Numar persoane, 3804
Total, Total, Hunedoara, Anul 2021, Numar persoane, 3875
Total, Total, Timis, Anul 1990, Numar persoane, 9211
Total, Total, Timis, Anul 1991, Numar persoane, 9940
Total, Total, Timis, Anul 1992, Numar persoane, 10424
Total, Total, Timis, Anul 1993, Numar persoane, 10835
Total, Total, Timis, Anul 1994, Numar persoane, 11301
Total, Total, Timis, Anul 1995, Numar persoane, 11224
Total, Total, Timis, Anul 1996, Numar persoane, 10734
Total, Total, Timis, Anul 1997, Numar persoane, 11791
Total, Total, Timis, Anul 1998, Numar persoane, 11916
Total, Total, Timis, Anul 1999, Numar persoane, 11292
Total, Total, Timis, Anul 2000, Numar persoane, 11218
Total, Total, Timis, Anul 2001, Numar persoane, 11717
Total, Total, Timis, Anul 2002, Numar persoane, 11022
Total, Total, Timis, Anul 2003, Numar persoane, 11057
Total, Total, Timis, Anul 2004, Numar persoane, 11124
Total, Total, Timis, Anul 2005, Numar persoane, 10833
Total, Total, Timis, Anul 2006, Numar persoane, 10500
Total, Total, Timis, Anul 2007, Numar persoane, 10842
Total, Total, Timis, Anul 2008, Numar persoane, 10966
Total, Total, Timis, Anul 2009, Numar persoane, 9872
Total, Total, Timis, Anul 2010, Numar persoane, 9318
Total, Total, Timis, Anul 2011, Numar persoane, 8947
Total, Total, Timis, Anul 2012, Numar persoane, 8913
Total, Total, Timis, Anul 2013, Numar persoane, 9642
Total, Total, Timis, Anul 2014, Numar persoane, 9424
Total, Total, Timis, Anul 2015, Numar persoane, 9347
Total, Total, Timis, Anul 2016, Numar persoane, 9423
Total, Total, Timis, Anul 2017, Numar persoane, 9521
Total, Total, Timis, Anul 2018, Numar persoane, 9677
Total, Total, Timis, Anul 2019, Numar persoane, 9832
Total, Total, Timis, Anul 2020, Numar persoane, 9871
Total, Total, Timis, Anul 2021, Numar persoane, 9952
