Categorii de unitati sanitare, Forme de proprietate , Macroregiuni  regiuni de dezvoltare si judete, Ani, UM: Numar, Valoare
Spitale, Total, Bihor, Anul 1990, Numar, 17
Spitale, Total, Bihor, Anul 1991, Numar, 17
Spitale, Total, Bihor, Anul 1992, Numar, 16
Spitale, Total, Bihor, Anul 1993, Numar, 16
Spitale, Total, Bihor, Anul 1994, Numar, 16
Spitale, Total, Bihor, Anul 1995, Numar, 16
Spitale, Total, Bihor, Anul 1996, Numar, 16
Spitale, Total, Bihor, Anul 1997, Numar, 16
Spitale, Total, Bihor, Anul 1998, Numar, 16
Spitale, Total, Bihor, Anul 1999, Numar, 16
Spitale, Total, Bihor, Anul 2000, Numar, 17
Spitale, Total, Bihor, Anul 2001, Numar, 17
Spitale, Total, Bihor, Anul 2002, Numar, 17
Spitale, Total, Bihor, Anul 2003, Numar, 15
Spitale, Total, Bihor, Anul 2004, Numar, 15
Spitale, Total, Bihor, Anul 2005, Numar, 15
Spitale, Total, Bihor, Anul 2006, Numar, 15
Spitale, Total, Bihor, Anul 2007, Numar, 14
Spitale, Total, Bihor, Anul 2008, Numar, 15
Spitale, Total, Bihor, Anul 2009, Numar, 16
Spitale, Total, Bihor, Anul 2010, Numar, 16
Spitale, Total, Bihor, Anul 2011, Numar, 12
Spitale, Total, Bihor, Anul 2012, Numar, 13
Spitale, Total, Bihor, Anul 2013, Numar, 14
Spitale, Total, Bihor, Anul 2014, Numar, 14
Spitale, Total, Bihor, Anul 2015, Numar, 14
Spitale, Total, Bihor, Anul 2016, Numar, 14
Spitale, Total, Bihor, Anul 2017, Numar, 14
Spitale, Total, Bihor, Anul 2018, Numar, 14
Spitale, Total, Bihor, Anul 2019, Numar, 14
Spitale, Total, Bihor, Anul 2020, Numar, 14
Spitale, Total, Bihor, Anul 2021, Numar, 14
Spitale, Total, Bistrita-Nasaud, Anul 1990, Numar, 3
Spitale, Total, Bistrita-Nasaud, Anul 1991, Numar, 3
Spitale, Total, Bistrita-Nasaud, Anul 1992, Numar, 3
Spitale, Total, Bistrita-Nasaud, Anul 1993, Numar, 3
Spitale, Total, Bistrita-Nasaud, Anul 1994, Numar, 3
Spitale, Total, Bistrita-Nasaud, Anul 1995, Numar, 3
Spitale, Total, Bistrita-Nasaud, Anul 1996, Numar, 3
Spitale, Total, Bistrita-Nasaud, Anul 1997, Numar, 3
Spitale, Total, Bistrita-Nasaud, Anul 1998, Numar, 3
Spitale, Total, Bistrita-Nasaud, Anul 1999, Numar, 3
Spitale, Total, Bistrita-Nasaud, Anul 2000, Numar, 3
Spitale, Total, Bistrita-Nasaud, Anul 2001, Numar, 3
Spitale, Total, Bistrita-Nasaud, Anul 2002, Numar, 3
Spitale, Total, Bistrita-Nasaud, Anul 2003, Numar, 3
Spitale, Total, Bistrita-Nasaud, Anul 2004, Numar, 3
Spitale, Total, Bistrita-Nasaud, Anul 2005, Numar, 3
Spitale, Total, Bistrita-Nasaud, Anul 2006, Numar, 3
Spitale, Total, Bistrita-Nasaud, Anul 2007, Numar, 4
Spitale, Total, Bistrita-Nasaud, Anul 2008, Numar, 4
Spitale, Total, Bistrita-Nasaud, Anul 2009, Numar, 4
Spitale, Total, Bistrita-Nasaud, Anul 2010, Numar, 4
Spitale, Total, Bistrita-Nasaud, Anul 2011, Numar, 4
Spitale, Total, Bistrita-Nasaud, Anul 2012, Numar, 4
Spitale, Total, Bistrita-Nasaud, Anul 2013, Numar, 4
Spitale, Total, Bistrita-Nasaud, Anul 2014, Numar, 4
Spitale, Total, Bistrita-Nasaud, Anul 2015, Numar, 4
Spitale, Total, Bistrita-Nasaud, Anul 2016, Numar, 4
Spitale, Total, Bistrita-Nasaud, Anul 2017, Numar, 4
Spitale, Total, Bistrita-Nasaud, Anul 2018, Numar, 4
Spitale, Total, Bistrita-Nasaud, Anul 2019, Numar, 4
Spitale, Total, Bistrita-Nasaud, Anul 2020, Numar, 4
Spitale, Total, Bistrita-Nasaud, Anul 2021, Numar, 4
Spitale, Total, Cluj, Anul 1990, Numar, 16
Spitale, Total, Cluj, Anul 1991, Numar, 16
Spitale, Total, Cluj, Anul 1992, Numar, 17
Spitale, Total, Cluj, Anul 1993, Numar, 17
Spitale, Total, Cluj, Anul 1994, Numar, 17
Spitale, Total, Cluj, Anul 1995, Numar, 16
Spitale, Total, Cluj, Anul 1996, Numar, 16
Spitale, Total, Cluj, Anul 1997, Numar, 16
Spitale, Total, Cluj, Anul 1998, Numar, 17
Spitale, Total, Cluj, Anul 1999, Numar, 17
Spitale, Total, Cluj, Anul 2000, Numar, 20
Spitale, Total, Cluj, Anul 2001, Numar, 21
Spitale, Total, Cluj, Anul 2002, Numar, 21
Spitale, Total, Cluj, Anul 2003, Numar, 22
Spitale, Total, Cluj, Anul 2004, Numar, 22
Spitale, Total, Cluj, Anul 2005, Numar, 23
Spitale, Total, Cluj, Anul 2006, Numar, 22
Spitale, Total, Cluj, Anul 2007, Numar, 24
Spitale, Total, Cluj, Anul 2008, Numar, 26
Spitale, Total, Cluj, Anul 2009, Numar, 26
Spitale, Total, Cluj, Anul 2010, Numar, 27
Spitale, Total, Cluj, Anul 2011, Numar, 32
Spitale, Total, Cluj, Anul 2012, Numar, 32
Spitale, Total, Cluj, Anul 2013, Numar, 34
Spitale, Total, Cluj, Anul 2014, Numar, 38
Spitale, Total, Cluj, Anul 2015, Numar, 40
Spitale, Total, Cluj, Anul 2016, Numar, 41
Spitale, Total, Cluj, Anul 2017, Numar, 42
Spitale, Total, Cluj, Anul 2018, Numar, 35
Spitale, Total, Cluj, Anul 2019, Numar, 36
Spitale, Total, Cluj, Anul 2020, Numar, 37
Spitale, Total, Cluj, Anul 2021, Numar, 36
Spitale, Total, Maramures, Anul 1990, Numar, 10
Spitale, Total, Maramures, Anul 1991, Numar, 10
Spitale, Total, Maramures, Anul 1992, Numar, 10
Spitale, Total, Maramures, Anul 1993, Numar, 10
Spitale, Total, Maramures, Anul 1994, Numar, 9
Spitale, Total, Maramures, Anul 1995, Numar, 9
Spitale, Total, Maramures, Anul 1996, Numar, 9
Spitale, Total, Maramures, Anul 1997, Numar, 9
Spitale, Total, Maramures, Anul 1998, Numar, 9
Spitale, Total, Maramures, Anul 1999, Numar, 9
Spitale, Total, Maramures, Anul 2000, Numar, 9
Spitale, Total, Maramures, Anul 2001, Numar, 9
Spitale, Total, Maramures, Anul 2002, Numar, 9
Spitale, Total, Maramures, Anul 2003, Numar, 9
Spitale, Total, Maramures, Anul 2004, Numar, 9
Spitale, Total, Maramures, Anul 2005, Numar, 9
Spitale, Total, Maramures, Anul 2006, Numar, 11
Spitale, Total, Maramures, Anul 2007, Numar, 11
Spitale, Total, Maramures, Anul 2008, Numar, 11
Spitale, Total, Maramures, Anul 2009, Numar, 11
Spitale, Total, Maramures, Anul 2010, Numar, 11
Spitale, Total, Maramures, Anul 2011, Numar, 10
Spitale, Total, Maramures, Anul 2012, Numar, 10
Spitale, Total, Maramures, Anul 2013, Numar, 11
Spitale, Total, Maramures, Anul 2014, Numar, 11
Spitale, Total, Maramures, Anul 2015, Numar, 12
Spitale, Total, Maramures, Anul 2016, Numar, 12
Spitale, Total, Maramures, Anul 2017, Numar, 12
Spitale, Total, Maramures, Anul 2018, Numar, 13
Spitale, Total, Maramures, Anul 2019, Numar, 13
Spitale, Total, Maramures, Anul 2020, Numar, 13
Spitale, Total, Maramures, Anul 2021, Numar, 13
Spitale, Total, Satu Mare, Anul 1990, Numar, 6
Spitale, Total, Satu Mare, Anul 1991, Numar, 6
Spitale, Total, Satu Mare, Anul 1992, Numar, 6
Spitale, Total, Satu Mare, Anul 1993, Numar, 6
Spitale, Total, Satu Mare, Anul 1994, Numar, 6
Spitale, Total, Satu Mare, Anul 1995, Numar, 6
Spitale, Total, Satu Mare, Anul 1996, Numar, 6
Spitale, Total, Satu Mare, Anul 1997, Numar, 6
Spitale, Total, Satu Mare, Anul 1998, Numar, 6
Spitale, Total, Satu Mare, Anul 1999, Numar, 6
Spitale, Total, Satu Mare, Anul 2000, Numar, 6
Spitale, Total, Satu Mare, Anul 2001, Numar, 6
Spitale, Total, Satu Mare, Anul 2002, Numar, 6
Spitale, Total, Satu Mare, Anul 2003, Numar, 6
Spitale, Total, Satu Mare, Anul 2004, Numar, 5
Spitale, Total, Satu Mare, Anul 2005, Numar, 5
Spitale, Total, Satu Mare, Anul 2006, Numar, 5
Spitale, Total, Satu Mare, Anul 2007, Numar, 5
Spitale, Total, Satu Mare, Anul 2008, Numar, 5
Spitale, Total, Satu Mare, Anul 2009, Numar, 5
Spitale, Total, Satu Mare, Anul 2010, Numar, 5
Spitale, Total, Satu Mare, Anul 2011, Numar, 5
Spitale, Total, Satu Mare, Anul 2012, Numar, 5
Spitale, Total, Satu Mare, Anul 2013, Numar, 5
Spitale, Total, Satu Mare, Anul 2014, Numar, 5
Spitale, Total, Satu Mare, Anul 2015, Numar, 5
Spitale, Total, Satu Mare, Anul 2016, Numar, 6
Spitale, Total, Satu Mare, Anul 2017, Numar, 6
Spitale, Total, Satu Mare, Anul 2018, Numar, 6
Spitale, Total, Satu Mare, Anul 2019, Numar, 6
Spitale, Total, Satu Mare, Anul 2020, Numar, 6
Spitale, Total, Satu Mare, Anul 2021, Numar, 6
Spitale, Total, Salaj, Anul 1990, Numar, 5
Spitale, Total, Salaj, Anul 1991, Numar, 5
Spitale, Total, Salaj, Anul 1992, Numar, 5
Spitale, Total, Salaj, Anul 1993, Numar, 5
Spitale, Total, Salaj, Anul 1994, Numar, 4
Spitale, Total, Salaj, Anul 1995, Numar, 4
Spitale, Total, Salaj, Anul 1996, Numar, 4
Spitale, Total, Salaj, Anul 1997, Numar, 4
Spitale, Total, Salaj, Anul 1998, Numar, 4
Spitale, Total, Salaj, Anul 1999, Numar, 4
Spitale, Total, Salaj, Anul 2000, Numar, 4
Spitale, Total, Salaj, Anul 2001, Numar, 4
Spitale, Total, Salaj, Anul 2002, Numar, 4
Spitale, Total, Salaj, Anul 2003, Numar, 5
Spitale, Total, Salaj, Anul 2004, Numar, 6
Spitale, Total, Salaj, Anul 2005, Numar, 6
Spitale, Total, Salaj, Anul 2006, Numar, 6
Spitale, Total, Salaj, Anul 2007, Numar, 6
Spitale, Total, Salaj, Anul 2008, Numar, 6
Spitale, Total, Salaj, Anul 2009, Numar, 7
Spitale, Total, Salaj, Anul 2010, Numar, 8
Spitale, Total, Salaj, Anul 2011, Numar, 6
Spitale, Total, Salaj, Anul 2012, Numar, 6
Spitale, Total, Salaj, Anul 2013, Numar, 6
Spitale, Total, Salaj, Anul 2014, Numar, 6
Spitale, Total, Salaj, Anul 2015, Numar, 6
Spitale, Total, Salaj, Anul 2016, Numar, 6
Spitale, Total, Salaj, Anul 2017, Numar, 6
Spitale, Total, Salaj, Anul 2018, Numar, 6
Spitale, Total, Salaj, Anul 2019, Numar, 6
Spitale, Total, Salaj, Anul 2020, Numar, 6
Spitale, Total, Salaj, Anul 2021, Numar, 6
Spitale, Total, Alba, Anul 1990, Numar, 10
Spitale, Total, Alba, Anul 1991, Numar, 10
Spitale, Total, Alba, Anul 1992, Numar, 10
Spitale, Total, Alba, Anul 1993, Numar, 10
Spitale, Total, Alba, Anul 1994, Numar, 9
Spitale, Total, Alba, Anul 1995, Numar, 9
Spitale, Total, Alba, Anul 1996, Numar, 10
Spitale, Total, Alba, Anul 1997, Numar, 10
Spitale, Total, Alba, Anul 1998, Numar, 10
Spitale, Total, Alba, Anul 1999, Numar, 10
Spitale, Total, Alba, Anul 2000, Numar, 10
Spitale, Total, Alba, Anul 2001, Numar, 10
Spitale, Total, Alba, Anul 2002, Numar, 10
Spitale, Total, Alba, Anul 2003, Numar, 9
Spitale, Total, Alba, Anul 2004, Numar, 9
Spitale, Total, Alba, Anul 2005, Numar, 10
Spitale, Total, Alba, Anul 2006, Numar, 10
Spitale, Total, Alba, Anul 2007, Numar, 10
Spitale, Total, Alba, Anul 2008, Numar, 10
Spitale, Total, Alba, Anul 2009, Numar, 10
Spitale, Total, Alba, Anul 2010, Numar, 10
Spitale, Total, Alba, Anul 2011, Numar, 9
Spitale, Total, Alba, Anul 2012, Numar, 9
Spitale, Total, Alba, Anul 2013, Numar, 10
Spitale, Total, Alba, Anul 2014, Numar, 11
Spitale, Total, Alba, Anul 2015, Numar, 11
Spitale, Total, Alba, Anul 2016, Numar, 10
Spitale, Total, Alba, Anul 2017, Numar, 10
Spitale, Total, Alba, Anul 2018, Numar, 11
Spitale, Total, Alba, Anul 2019, Numar, 11
Spitale, Total, Alba, Anul 2020, Numar, 11
Spitale, Total, Alba, Anul 2021, Numar, 11
Spitale, Total, Brasov, Anul 1990, Numar, 13
Spitale, Total, Brasov, Anul 1991, Numar, 13
Spitale, Total, Brasov, Anul 1992, Numar, 13
Spitale, Total, Brasov, Anul 1993, Numar, 13
Spitale, Total, Brasov, Anul 1994, Numar, 13
Spitale, Total, Brasov, Anul 1995, Numar, 13
Spitale, Total, Brasov, Anul 1996, Numar, 13
Spitale, Total, Brasov, Anul 1997, Numar, 14
Spitale, Total, Brasov, Anul 1998, Numar, 14
Spitale, Total, Brasov, Anul 1999, Numar, 14
Spitale, Total, Brasov, Anul 2000, Numar, 15
Spitale, Total, Brasov, Anul 2001, Numar, 15
Spitale, Total, Brasov, Anul 2002, Numar, 15
Spitale, Total, Brasov, Anul 2003, Numar, 14
Spitale, Total, Brasov, Anul 2004, Numar, 14
Spitale, Total, Brasov, Anul 2005, Numar, 14
Spitale, Total, Brasov, Anul 2006, Numar, 14
Spitale, Total, Brasov, Anul 2007, Numar, 14
Spitale, Total, Brasov, Anul 2008, Numar, 17
Spitale, Total, Brasov, Anul 2009, Numar, 19
Spitale, Total, Brasov, Anul 2010, Numar, 17
Spitale, Total, Brasov, Anul 2011, Numar, 17
Spitale, Total, Brasov, Anul 2012, Numar, 17
Spitale, Total, Brasov, Anul 2013, Numar, 20
Spitale, Total, Brasov, Anul 2014, Numar, 23
Spitale, Total, Brasov, Anul 2015, Numar, 25
Spitale, Total, Brasov, Anul 2016, Numar, 25
Spitale, Total, Brasov, Anul 2017, Numar, 26
Spitale, Total, Brasov, Anul 2018, Numar, 25
Spitale, Total, Brasov, Anul 2019, Numar, 25
Spitale, Total, Brasov, Anul 2020, Numar, 24
Spitale, Total, Brasov, Anul 2021, Numar, 24
Spitale, Total, Covasna, Anul 1990, Numar, 6
Spitale, Total, Covasna, Anul 1991, Numar, 6
Spitale, Total, Covasna, Anul 1992, Numar, 6
Spitale, Total, Covasna, Anul 1993, Numar, 6
Spitale, Total, Covasna, Anul 1994, Numar, 6
Spitale, Total, Covasna, Anul 1995, Numar, 6
Spitale, Total, Covasna, Anul 1996, Numar, 6
Spitale, Total, Covasna, Anul 1997, Numar, 6
Spitale, Total, Covasna, Anul 1998, Numar, 6
Spitale, Total, Covasna, Anul 1999, Numar, 7
Spitale, Total, Covasna, Anul 2000, Numar, 7
Spitale, Total, Covasna, Anul 2001, Numar, 7
Spitale, Total, Covasna, Anul 2002, Numar, 7
Spitale, Total, Covasna, Anul 2003, Numar, 6
Spitale, Total, Covasna, Anul 2004, Numar, 6
Spitale, Total, Covasna, Anul 2005, Numar, 6
Spitale, Total, Covasna, Anul 2006, Numar, 7
Spitale, Total, Covasna, Anul 2007, Numar, 7
Spitale, Total, Covasna, Anul 2008, Numar, 7
Spitale, Total, Covasna, Anul 2009, Numar, 7
Spitale, Total, Covasna, Anul 2010, Numar, 7
Spitale, Total, Covasna, Anul 2011, Numar, 5
Spitale, Total, Covasna, Anul 2012, Numar, 5
Spitale, Total, Covasna, Anul 2013, Numar, 5
Spitale, Total, Covasna, Anul 2014, Numar, 5
Spitale, Total, Covasna, Anul 2015, Numar, 5
Spitale, Total, Covasna, Anul 2016, Numar, 4
Spitale, Total, Covasna, Anul 2017, Numar, 4
Spitale, Total, Covasna, Anul 2018, Numar, 4
Spitale, Total, Covasna, Anul 2019, Numar, 4
Spitale, Total, Covasna, Anul 2020, Numar, 4
Spitale, Total, Covasna, Anul 2021, Numar, 4
Spitale, Total, Harghita, Anul 1990, Numar, 7
Spitale, Total, Harghita, Anul 1991, Numar, 7
Spitale, Total, Harghita, Anul 1992, Numar, 7
Spitale, Total, Harghita, Anul 1993, Numar, 7
Spitale, Total, Harghita, Anul 1994, Numar, 7
Spitale, Total, Harghita, Anul 1995, Numar, 7
Spitale, Total, Harghita, Anul 1996, Numar, 7
Spitale, Total, Harghita, Anul 1997, Numar, 7
Spitale, Total, Harghita, Anul 1998, Numar, 7
Spitale, Total, Harghita, Anul 1999, Numar, 7
Spitale, Total, Harghita, Anul 2000, Numar, 7
Spitale, Total, Harghita, Anul 2001, Numar, 7
Spitale, Total, Harghita, Anul 2002, Numar, 7
Spitale, Total, Harghita, Anul 2003, Numar, 5
Spitale, Total, Harghita, Anul 2004, Numar, 5
Spitale, Total, Harghita, Anul 2005, Numar, 5
Spitale, Total, Harghita, Anul 2006, Numar, 5
Spitale, Total, Harghita, Anul 2007, Numar, 5
Spitale, Total, Harghita, Anul 2008, Numar, 5
Spitale, Total, Harghita, Anul 2009, Numar, 5
Spitale, Total, Harghita, Anul 2010, Numar, 5
Spitale, Total, Harghita, Anul 2011, Numar, 5
Spitale, Total, Harghita, Anul 2012, Numar, 5
Spitale, Total, Harghita, Anul 2013, Numar, 5
Spitale, Total, Harghita, Anul 2014, Numar, 5
Spitale, Total, Harghita, Anul 2015, Numar, 5
Spitale, Total, Harghita, Anul 2016, Numar, 5
Spitale, Total, Harghita, Anul 2017, Numar, 5
Spitale, Total, Harghita, Anul 2018, Numar, 5
Spitale, Total, Harghita, Anul 2019, Numar, 5
Spitale, Total, Harghita, Anul 2020, Numar, 5
Spitale, Total, Harghita, Anul 2021, Numar, 5
Spitale, Total, Mures, Anul 1990, Numar, 8
Spitale, Total, Mures, Anul 1991, Numar, 8
Spitale, Total, Mures, Anul 1992, Numar, 8
Spitale, Total, Mures, Anul 1993, Numar, 8
Spitale, Total, Mures, Anul 1994, Numar, 8
Spitale, Total, Mures, Anul 1995, Numar, 6
Spitale, Total, Mures, Anul 1996, Numar, 7
Spitale, Total, Mures, Anul 1997, Numar, 8
Spitale, Total, Mures, Anul 1998, Numar, 7
Spitale, Total, Mures, Anul 1999, Numar, 7
Spitale, Total, Mures, Anul 2000, Numar, 7
Spitale, Total, Mures, Anul 2001, Numar, 7
Spitale, Total, Mures, Anul 2002, Numar, 7
Spitale, Total, Mures, Anul 2003, Numar, 6
Spitale, Total, Mures, Anul 2004, Numar, 6
Spitale, Total, Mures, Anul 2005, Numar, 6
Spitale, Total, Mures, Anul 2006, Numar, 6
Spitale, Total, Mures, Anul 2007, Numar, 8
Spitale, Total, Mures, Anul 2008, Numar, 9
Spitale, Total, Mures, Anul 2009, Numar, 9
Spitale, Total, Mures, Anul 2010, Numar, 14
Spitale, Total, Mures, Anul 2011, Numar, 13
Spitale, Total, Mures, Anul 2012, Numar, 13
Spitale, Total, Mures, Anul 2013, Numar, 15
Spitale, Total, Mures, Anul 2014, Numar, 15
Spitale, Total, Mures, Anul 2015, Numar, 15
Spitale, Total, Mures, Anul 2016, Numar, 16
Spitale, Total, Mures, Anul 2017, Numar, 15
Spitale, Total, Mures, Anul 2018, Numar, 15
Spitale, Total, Mures, Anul 2019, Numar, 14
Spitale, Total, Mures, Anul 2020, Numar, 15
Spitale, Total, Mures, Anul 2021, Numar, 16
Spitale, Total, Sibiu, Anul 1990, Numar, 8
Spitale, Total, Sibiu, Anul 1991, Numar, 8
Spitale, Total, Sibiu, Anul 1992, Numar, 8
Spitale, Total, Sibiu, Anul 1993, Numar, 8
Spitale, Total, Sibiu, Anul 1994, Numar, 8
Spitale, Total, Sibiu, Anul 1995, Numar, 8
Spitale, Total, Sibiu, Anul 1996, Numar, 8
Spitale, Total, Sibiu, Anul 1997, Numar, 8
Spitale, Total, Sibiu, Anul 1998, Numar, 8
Spitale, Total, Sibiu, Anul 1999, Numar, 9
Spitale, Total, Sibiu, Anul 2000, Numar, 10
Spitale, Total, Sibiu, Anul 2001, Numar, 10
Spitale, Total, Sibiu, Anul 2002, Numar, 10
Spitale, Total, Sibiu, Anul 2003, Numar, 10
Spitale, Total, Sibiu, Anul 2004, Numar, 10
Spitale, Total, Sibiu, Anul 2005, Numar, 10
Spitale, Total, Sibiu, Anul 2006, Numar, 9
Spitale, Total, Sibiu, Anul 2007, Numar, 9
Spitale, Total, Sibiu, Anul 2008, Numar, 9
Spitale, Total, Sibiu, Anul 2009, Numar, 10
Spitale, Total, Sibiu, Anul 2010, Numar, 10
Spitale, Total, Sibiu, Anul 2011, Numar, 9
Spitale, Total, Sibiu, Anul 2012, Numar, 10
Spitale, Total, Sibiu, Anul 2013, Numar, 10
Spitale, Total, Sibiu, Anul 2014, Numar, 10
Spitale, Total, Sibiu, Anul 2015, Numar, 10
Spitale, Total, Sibiu, Anul 2016, Numar, 10
Spitale, Total, Sibiu, Anul 2017, Numar, 10
Spitale, Total, Sibiu, Anul 2018, Numar, 10
Spitale, Total, Sibiu, Anul 2019, Numar, 10
Spitale, Total, Sibiu, Anul 2020, Numar, 10
Spitale, Total, Sibiu, Anul 2021, Numar, 12
Spitale, Total, Bacau, Anul 1990, Numar, 8
Spitale, Total, Bacau, Anul 1991, Numar, 8
Spitale, Total, Bacau, Anul 1992, Numar, 8
Spitale, Total, Bacau, Anul 1993, Numar, 8
Spitale, Total, Bacau, Anul 1994, Numar, 7
Spitale, Total, Bacau, Anul 1995, Numar, 8
Spitale, Total, Bacau, Anul 1996, Numar, 8
Spitale, Total, Bacau, Anul 1997, Numar, 8
Spitale, Total, Bacau, Anul 1998, Numar, 8
Spitale, Total, Bacau, Anul 1999, Numar, 8
Spitale, Total, Bacau, Anul 2000, Numar, 8
Spitale, Total, Bacau, Anul 2001, Numar, 10
Spitale, Total, Bacau, Anul 2002, Numar, 10
Spitale, Total, Bacau, Anul 2003, Numar, 10
Spitale, Total, Bacau, Anul 2004, Numar, 10
Spitale, Total, Bacau, Anul 2005, Numar, 10
Spitale, Total, Bacau, Anul 2006, Numar, 12
Spitale, Total, Bacau, Anul 2007, Numar, 12
Spitale, Total, Bacau, Anul 2008, Numar, 12
Spitale, Total, Bacau, Anul 2009, Numar, 12
Spitale, Total, Bacau, Anul 2010, Numar, 13
Spitale, Total, Bacau, Anul 2011, Numar, 13
Spitale, Total, Bacau, Anul 2012, Numar, 13
Spitale, Total, Bacau, Anul 2013, Numar, 17
Spitale, Total, Bacau, Anul 2014, Numar, 21
Spitale, Total, Bacau, Anul 2015, Numar, 25
Spitale, Total, Bacau, Anul 2016, Numar, 28
Spitale, Total, Bacau, Anul 2017, Numar, 25
Spitale, Total, Bacau, Anul 2018, Numar, 14
Spitale, Total, Bacau, Anul 2019, Numar, 14
Spitale, Total, Bacau, Anul 2020, Numar, 16
Spitale, Total, Bacau, Anul 2021, Numar, 16
Spitale, Total, Botosani, Anul 1990, Numar, 7
Spitale, Total, Botosani, Anul 1991, Numar, 7
Spitale, Total, Botosani, Anul 1992, Numar, 7
Spitale, Total, Botosani, Anul 1993, Numar, 9
Spitale, Total, Botosani, Anul 1994, Numar, 10
Spitale, Total, Botosani, Anul 1995, Numar, 10
Spitale, Total, Botosani, Anul 1996, Numar, 10
Spitale, Total, Botosani, Anul 1997, Numar, 10
Spitale, Total, Botosani, Anul 1998, Numar, 10
Spitale, Total, Botosani, Anul 1999, Numar, 10
Spitale, Total, Botosani, Anul 2000, Numar, 10
Spitale, Total, Botosani, Anul 2001, Numar, 10
Spitale, Total, Botosani, Anul 2002, Numar, 11
Spitale, Total, Botosani, Anul 2003, Numar, 11
Spitale, Total, Botosani, Anul 2004, Numar, 11
Spitale, Total, Botosani, Anul 2005, Numar, 11
Spitale, Total, Botosani, Anul 2006, Numar, 10
Spitale, Total, Botosani, Anul 2007, Numar, 10
Spitale, Total, Botosani, Anul 2008, Numar, 10
Spitale, Total, Botosani, Anul 2009, Numar, 10
Spitale, Total, Botosani, Anul 2010, Numar, 10
Spitale, Total, Botosani, Anul 2011, Numar, 7
Spitale, Total, Botosani, Anul 2012, Numar, 4
Spitale, Total, Botosani, Anul 2013, Numar, 4
Spitale, Total, Botosani, Anul 2014, Numar, 4
Spitale, Total, Botosani, Anul 2015, Numar, 4
Spitale, Total, Botosani, Anul 2016, Numar, 4
Spitale, Total, Botosani, Anul 2017, Numar, 4
Spitale, Total, Botosani, Anul 2018, Numar, 4
Spitale, Total, Botosani, Anul 2019, Numar, 4
Spitale, Total, Botosani, Anul 2020, Numar, 4
Spitale, Total, Botosani, Anul 2021, Numar, 4
Spitale, Total, Iasi, Anul 1990, Numar, 20
Spitale, Total, Iasi, Anul 1991, Numar, 21
Spitale, Total, Iasi, Anul 1992, Numar, 21
Spitale, Total, Iasi, Anul 1993, Numar, 21
Spitale, Total, Iasi, Anul 1994, Numar, 21
Spitale, Total, Iasi, Anul 1995, Numar, 20
Spitale, Total, Iasi, Anul 1996, Numar, 19
Spitale, Total, Iasi, Anul 1997, Numar, 20
Spitale, Total, Iasi, Anul 1998, Numar, 20
Spitale, Total, Iasi, Anul 1999, Numar, 21
Spitale, Total, Iasi, Anul 2000, Numar, 22
Spitale, Total, Iasi, Anul 2001, Numar, 21
Spitale, Total, Iasi, Anul 2002, Numar, 20
Spitale, Total, Iasi, Anul 2003, Numar, 20
Spitale, Total, Iasi, Anul 2004, Numar, 20
Spitale, Total, Iasi, Anul 2005, Numar, 20
Spitale, Total, Iasi, Anul 2006, Numar, 20
Spitale, Total, Iasi, Anul 2007, Numar, 20
Spitale, Total, Iasi, Anul 2008, Numar, 20
Spitale, Total, Iasi, Anul 2009, Numar, 21
Spitale, Total, Iasi, Anul 2010, Numar, 24
Spitale, Total, Iasi, Anul 2011, Numar, 25
Spitale, Total, Iasi, Anul 2012, Numar, 30
Spitale, Total, Iasi, Anul 2013, Numar, 33
Spitale, Total, Iasi, Anul 2014, Numar, 36
Spitale, Total, Iasi, Anul 2015, Numar, 36
Spitale, Total, Iasi, Anul 2016, Numar, 35
Spitale, Total, Iasi, Anul 2017, Numar, 35
Spitale, Total, Iasi, Anul 2018, Numar, 27
Spitale, Total, Iasi, Anul 2019, Numar, 27
Spitale, Total, Iasi, Anul 2020, Numar, 27
Spitale, Total, Iasi, Anul 2021, Numar, 29
Spitale, Total, Neamt, Anul 1990, Numar, 6
Spitale, Total, Neamt, Anul 1991, Numar, 6
Spitale, Total, Neamt, Anul 1992, Numar, 6
Spitale, Total, Neamt, Anul 1993, Numar, 6
Spitale, Total, Neamt, Anul 1994, Numar, 5
Spitale, Total, Neamt, Anul 1995, Numar, 5
Spitale, Total, Neamt, Anul 1996, Numar, 5
Spitale, Total, Neamt, Anul 1997, Numar, 5
Spitale, Total, Neamt, Anul 1998, Numar, 5
Spitale, Total, Neamt, Anul 1999, Numar, 5
Spitale, Total, Neamt, Anul 2000, Numar, 5
Spitale, Total, Neamt, Anul 2001, Numar, 5
Spitale, Total, Neamt, Anul 2002, Numar, 5
Spitale, Total, Neamt, Anul 2003, Numar, 5
Spitale, Total, Neamt, Anul 2004, Numar, 6
Spitale, Total, Neamt, Anul 2005, Numar, 7
Spitale, Total, Neamt, Anul 2006, Numar, 7
Spitale, Total, Neamt, Anul 2007, Numar, 7
Spitale, Total, Neamt, Anul 2008, Numar, 7
Spitale, Total, Neamt, Anul 2009, Numar, 7
Spitale, Total, Neamt, Anul 2010, Numar, 7
Spitale, Total, Neamt, Anul 2011, Numar, 5
Spitale, Total, Neamt, Anul 2012, Numar, 5
Spitale, Total, Neamt, Anul 2013, Numar, 5
Spitale, Total, Neamt, Anul 2014, Numar, 5
Spitale, Total, Neamt, Anul 2015, Numar, 5
Spitale, Total, Neamt, Anul 2016, Numar, 5
Spitale, Total, Neamt, Anul 2017, Numar, 5
Spitale, Total, Neamt, Anul 2018, Numar, 7
Spitale, Total, Neamt, Anul 2019, Numar, 7
Spitale, Total, Neamt, Anul 2020, Numar, 7
Spitale, Total, Neamt, Anul 2021, Numar, 7
Spitale, Total, Suceava, Anul 1990, Numar, 8
Spitale, Total, Suceava, Anul 1991, Numar, 8
Spitale, Total, Suceava, Anul 1992, Numar, 8
Spitale, Total, Suceava, Anul 1993, Numar, 8
Spitale, Total, Suceava, Anul 1994, Numar, 8
Spitale, Total, Suceava, Anul 1995, Numar, 9
Spitale, Total, Suceava, Anul 1996, Numar, 9
Spitale, Total, Suceava, Anul 1997, Numar, 9
Spitale, Total, Suceava, Anul 1998, Numar, 9
Spitale, Total, Suceava, Anul 1999, Numar, 10
Spitale, Total, Suceava, Anul 2000, Numar, 9
Spitale, Total, Suceava, Anul 2001, Numar, 9
Spitale, Total, Suceava, Anul 2002, Numar, 9
Spitale, Total, Suceava, Anul 2003, Numar, 10
Spitale, Total, Suceava, Anul 2004, Numar, 10
Spitale, Total, Suceava, Anul 2005, Numar, 11
Spitale, Total, Suceava, Anul 2006, Numar, 11
Spitale, Total, Suceava, Anul 2007, Numar, 11
Spitale, Total, Suceava, Anul 2008, Numar, 11
Spitale, Total, Suceava, Anul 2009, Numar, 11
Spitale, Total, Suceava, Anul 2010, Numar, 11
Spitale, Total, Suceava, Anul 2011, Numar, 10
Spitale, Total, Suceava, Anul 2012, Numar, 10
Spitale, Total, Suceava, Anul 2013, Numar, 10
Spitale, Total, Suceava, Anul 2014, Numar, 10
Spitale, Total, Suceava, Anul 2015, Numar, 12
Spitale, Total, Suceava, Anul 2016, Numar, 12
Spitale, Total, Suceava, Anul 2017, Numar, 12
Spitale, Total, Suceava, Anul 2018, Numar, 12
Spitale, Total, Suceava, Anul 2019, Numar, 13
Spitale, Total, Suceava, Anul 2020, Numar, 13
Spitale, Total, Suceava, Anul 2021, Numar, 13
Spitale, Total, Vaslui, Anul 1990, Numar, 10
Spitale, Total, Vaslui, Anul 1991, Numar, 10
Spitale, Total, Vaslui, Anul 1992, Numar, 10
Spitale, Total, Vaslui, Anul 1993, Numar, 9
Spitale, Total, Vaslui, Anul 1994, Numar, 9
Spitale, Total, Vaslui, Anul 1995, Numar, 9
Spitale, Total, Vaslui, Anul 1996, Numar, 9
Spitale, Total, Vaslui, Anul 1997, Numar, 9
Spitale, Total, Vaslui, Anul 1998, Numar, 9
Spitale, Total, Vaslui, Anul 1999, Numar, 9
Spitale, Total, Vaslui, Anul 2000, Numar, 9
Spitale, Total, Vaslui, Anul 2001, Numar, 9
Spitale, Total, Vaslui, Anul 2002, Numar, 9
Spitale, Total, Vaslui, Anul 2003, Numar, 9
Spitale, Total, Vaslui, Anul 2004, Numar, 7
Spitale, Total, Vaslui, Anul 2005, Numar, 7
Spitale, Total, Vaslui, Anul 2006, Numar, 7
Spitale, Total, Vaslui, Anul 2007, Numar, 7
Spitale, Total, Vaslui, Anul 2008, Numar, 7
Spitale, Total, Vaslui, Anul 2009, Numar, 7
Spitale, Total, Vaslui, Anul 2010, Numar, 7
Spitale, Total, Vaslui, Anul 2011, Numar, 4
Spitale, Total, Vaslui, Anul 2012, Numar, 4
Spitale, Total, Vaslui, Anul 2013, Numar, 4
Spitale, Total, Vaslui, Anul 2014, Numar, 5
Spitale, Total, Vaslui, Anul 2015, Numar, 5
Spitale, Total, Vaslui, Anul 2016, Numar, 5
Spitale, Total, Vaslui, Anul 2017, Numar, 5
Spitale, Total, Vaslui, Anul 2018, Numar, 5
Spitale, Total, Vaslui, Anul 2019, Numar, 5
Spitale, Total, Vaslui, Anul 2020, Numar, 5
Spitale, Total, Vaslui, Anul 2021, Numar, 5
Spitale, Total, Braila, Anul 1990, Numar, 5
Spitale, Total, Braila, Anul 1991, Numar, 5
Spitale, Total, Braila, Anul 1992, Numar, 5
Spitale, Total, Braila, Anul 1993, Numar, 5
Spitale, Total, Braila, Anul 1994, Numar, 5
Spitale, Total, Braila, Anul 1995, Numar, 5
Spitale, Total, Braila, Anul 1996, Numar, 5
Spitale, Total, Braila, Anul 1997, Numar, 5
Spitale, Total, Braila, Anul 1998, Numar, 5
Spitale, Total, Braila, Anul 1999, Numar, 8
Spitale, Total, Braila, Anul 2000, Numar, 7
Spitale, Total, Braila, Anul 2001, Numar, 7
Spitale, Total, Braila, Anul 2002, Numar, 6
Spitale, Total, Braila, Anul 2003, Numar, 5
Spitale, Total, Braila, Anul 2004, Numar, 5
Spitale, Total, Braila, Anul 2005, Numar, 5
Spitale, Total, Braila, Anul 2006, Numar, 5
Spitale, Total, Braila, Anul 2007, Numar, 5
Spitale, Total, Braila, Anul 2008, Numar, 5
Spitale, Total, Braila, Anul 2009, Numar, 5
Spitale, Total, Braila, Anul 2010, Numar, 5
Spitale, Total, Braila, Anul 2011, Numar, 4
Spitale, Total, Braila, Anul 2012, Numar, 4
Spitale, Total, Braila, Anul 2013, Numar, 5
Spitale, Total, Braila, Anul 2014, Numar, 5
Spitale, Total, Braila, Anul 2015, Numar, 5
Spitale, Total, Braila, Anul 2016, Numar, 5
Spitale, Total, Braila, Anul 2017, Numar, 5
Spitale, Total, Braila, Anul 2018, Numar, 5
Spitale, Total, Braila, Anul 2019, Numar, 5
Spitale, Total, Braila, Anul 2020, Numar, 5
Spitale, Total, Braila, Anul 2021, Numar, 5
Spitale, Total, Buzau, Anul 1990, Numar, 9
Spitale, Total, Buzau, Anul 1991, Numar, 9
Spitale, Total, Buzau, Anul 1992, Numar, 9
Spitale, Total, Buzau, Anul 1993, Numar, 9
Spitale, Total, Buzau, Anul 1994, Numar, 8
Spitale, Total, Buzau, Anul 1995, Numar, 8
Spitale, Total, Buzau, Anul 1996, Numar, 8
Spitale, Total, Buzau, Anul 1997, Numar, 8
Spitale, Total, Buzau, Anul 1998, Numar, 8
Spitale, Total, Buzau, Anul 1999, Numar, 8
Spitale, Total, Buzau, Anul 2000, Numar, 8
Spitale, Total, Buzau, Anul 2001, Numar, 8
Spitale, Total, Buzau, Anul 2002, Numar, 7
Spitale, Total, Buzau, Anul 2003, Numar, 6
Spitale, Total, Buzau, Anul 2004, Numar, 6
Spitale, Total, Buzau, Anul 2005, Numar, 6
Spitale, Total, Buzau, Anul 2006, Numar, 6
Spitale, Total, Buzau, Anul 2007, Numar, 7
Spitale, Total, Buzau, Anul 2008, Numar, 8
Spitale, Total, Buzau, Anul 2009, Numar, 8
Spitale, Total, Buzau, Anul 2010, Numar, 9
Spitale, Total, Buzau, Anul 2011, Numar, 7
Spitale, Total, Buzau, Anul 2012, Numar, 7
Spitale, Total, Buzau, Anul 2013, Numar, 7
Spitale, Total, Buzau, Anul 2014, Numar, 7
Spitale, Total, Buzau, Anul 2015, Numar, 7
Spitale, Total, Buzau, Anul 2016, Numar, 7
Spitale, Total, Buzau, Anul 2017, Numar, 7
Spitale, Total, Buzau, Anul 2018, Numar, 8
Spitale, Total, Buzau, Anul 2019, Numar, 8
Spitale, Total, Buzau, Anul 2020, Numar, 8
Spitale, Total, Buzau, Anul 2021, Numar, 9
Spitale, Total, Constanta, Anul 1990, Numar, 10
Spitale, Total, Constanta, Anul 1991, Numar, 10
Spitale, Total, Constanta, Anul 1992, Numar, 11
Spitale, Total, Constanta, Anul 1993, Numar, 10
Spitale, Total, Constanta, Anul 1994, Numar, 9
Spitale, Total, Constanta, Anul 1995, Numar, 9
Spitale, Total, Constanta, Anul 1996, Numar, 9
Spitale, Total, Constanta, Anul 1997, Numar, 9
Spitale, Total, Constanta, Anul 1998, Numar, 9
Spitale, Total, Constanta, Anul 1999, Numar, 9
Spitale, Total, Constanta, Anul 2000, Numar, 11
Spitale, Total, Constanta, Anul 2001, Numar, 11
Spitale, Total, Constanta, Anul 2002, Numar, 13
Spitale, Total, Constanta, Anul 2003, Numar, 13
Spitale, Total, Constanta, Anul 2004, Numar, 13
Spitale, Total, Constanta, Anul 2005, Numar, 13
Spitale, Total, Constanta, Anul 2006, Numar, 13
Spitale, Total, Constanta, Anul 2007, Numar, 13
Spitale, Total, Constanta, Anul 2008, Numar, 15
Spitale, Total, Constanta, Anul 2009, Numar, 17
Spitale, Total, Constanta, Anul 2010, Numar, 17
Spitale, Total, Constanta, Anul 2011, Numar, 18
Spitale, Total, Constanta, Anul 2012, Numar, 19
Spitale, Total, Constanta, Anul 2013, Numar, 20
Spitale, Total, Constanta, Anul 2014, Numar, 24
Spitale, Total, Constanta, Anul 2015, Numar, 28
Spitale, Total, Constanta, Anul 2016, Numar, 30
Spitale, Total, Constanta, Anul 2017, Numar, 32
Spitale, Total, Constanta, Anul 2018, Numar, 21
Spitale, Total, Constanta, Anul 2019, Numar, 21
Spitale, Total, Constanta, Anul 2020, Numar, 21
Spitale, Total, Constanta, Anul 2021, Numar, 21
Spitale, Total, Galati, Anul 1990, Numar, 13
Spitale, Total, Galati, Anul 1991, Numar, 13
Spitale, Total, Galati, Anul 1992, Numar, 12
Spitale, Total, Galati, Anul 1993, Numar, 12
Spitale, Total, Galati, Anul 1994, Numar, 11
Spitale, Total, Galati, Anul 1995, Numar, 11
Spitale, Total, Galati, Anul 1996, Numar, 11
Spitale, Total, Galati, Anul 1997, Numar, 12
Spitale, Total, Galati, Anul 1998, Numar, 12
Spitale, Total, Galati, Anul 1999, Numar, 12
Spitale, Total, Galati, Anul 2000, Numar, 12
Spitale, Total, Galati, Anul 2001, Numar, 12
Spitale, Total, Galati, Anul 2002, Numar, 12
Spitale, Total, Galati, Anul 2003, Numar, 11
Spitale, Total, Galati, Anul 2004, Numar, 11
Spitale, Total, Galati, Anul 2005, Numar, 11
Spitale, Total, Galati, Anul 2006, Numar, 11
Spitale, Total, Galati, Anul 2007, Numar, 11
Spitale, Total, Galati, Anul 2008, Numar, 11
Spitale, Total, Galati, Anul 2009, Numar, 11
Spitale, Total, Galati, Anul 2010, Numar, 11
Spitale, Total, Galati, Anul 2011, Numar, 10
Spitale, Total, Galati, Anul 2012, Numar, 10
Spitale, Total, Galati, Anul 2013, Numar, 10
Spitale, Total, Galati, Anul 2014, Numar, 10
Spitale, Total, Galati, Anul 2015, Numar, 10
Spitale, Total, Galati, Anul 2016, Numar, 10
Spitale, Total, Galati, Anul 2017, Numar, 10
Spitale, Total, Galati, Anul 2018, Numar, 10
Spitale, Total, Galati, Anul 2019, Numar, 10
Spitale, Total, Galati, Anul 2020, Numar, 10
Spitale, Total, Galati, Anul 2021, Numar, 10
Spitale, Total, Tulcea, Anul 1990, Numar, 4
Spitale, Total, Tulcea, Anul 1991, Numar, 4
Spitale, Total, Tulcea, Anul 1992, Numar, 4
Spitale, Total, Tulcea, Anul 1993, Numar, 4
Spitale, Total, Tulcea, Anul 1994, Numar, 4
Spitale, Total, Tulcea, Anul 1995, Numar, 4
Spitale, Total, Tulcea, Anul 1996, Numar, 4
Spitale, Total, Tulcea, Anul 1997, Numar, 4
Spitale, Total, Tulcea, Anul 1998, Numar, 4
Spitale, Total, Tulcea, Anul 1999, Numar, 4
Spitale, Total, Tulcea, Anul 2000, Numar, 4
Spitale, Total, Tulcea, Anul 2001, Numar, 4
Spitale, Total, Tulcea, Anul 2002, Numar, 4
Spitale, Total, Tulcea, Anul 2003, Numar, 4
Spitale, Total, Tulcea, Anul 2004, Numar, 4
Spitale, Total, Tulcea, Anul 2005, Numar, 4
Spitale, Total, Tulcea, Anul 2006, Numar, 4
Spitale, Total, Tulcea, Anul 2007, Numar, 4
Spitale, Total, Tulcea, Anul 2008, Numar, 4
Spitale, Total, Tulcea, Anul 2009, Numar, 4
Spitale, Total, Tulcea, Anul 2010, Numar, 4
Spitale, Total, Tulcea, Anul 2011, Numar, 3
Spitale, Total, Tulcea, Anul 2012, Numar, 3
Spitale, Total, Tulcea, Anul 2013, Numar, 3
Spitale, Total, Tulcea, Anul 2014, Numar, 4
Spitale, Total, Tulcea, Anul 2015, Numar, 4
Spitale, Total, Tulcea, Anul 2016, Numar, 4
Spitale, Total, Tulcea, Anul 2017, Numar, 5
Spitale, Total, Tulcea, Anul 2018, Numar, 4
Spitale, Total, Tulcea, Anul 2019, Numar, 4
Spitale, Total, Tulcea, Anul 2020, Numar, 4
Spitale, Total, Tulcea, Anul 2021, Numar, 4
Spitale, Total, Vrancea, Anul 1990, Numar, 7
Spitale, Total, Vrancea, Anul 1991, Numar, 7
Spitale, Total, Vrancea, Anul 1992, Numar, 7
Spitale, Total, Vrancea, Anul 1993, Numar, 7
Spitale, Total, Vrancea, Anul 1994, Numar, 7
Spitale, Total, Vrancea, Anul 1995, Numar, 7
Spitale, Total, Vrancea, Anul 1996, Numar, 7
Spitale, Total, Vrancea, Anul 1997, Numar, 7
Spitale, Total, Vrancea, Anul 1998, Numar, 7
Spitale, Total, Vrancea, Anul 1999, Numar, 7
Spitale, Total, Vrancea, Anul 2000, Numar, 8
Spitale, Total, Vrancea, Anul 2001, Numar, 8
Spitale, Total, Vrancea, Anul 2002, Numar, 8
Spitale, Total, Vrancea, Anul 2003, Numar, 8
Spitale, Total, Vrancea, Anul 2004, Numar, 8
Spitale, Total, Vrancea, Anul 2005, Numar, 8
Spitale, Total, Vrancea, Anul 2006, Numar, 8
Spitale, Total, Vrancea, Anul 2007, Numar, 8
Spitale, Total, Vrancea, Anul 2008, Numar, 8
Spitale, Total, Vrancea, Anul 2009, Numar, 8
Spitale, Total, Vrancea, Anul 2010, Numar, 8
Spitale, Total, Vrancea, Anul 2011, Numar, 7
Spitale, Total, Vrancea, Anul 2012, Numar, 7
Spitale, Total, Vrancea, Anul 2013, Numar, 7
Spitale, Total, Vrancea, Anul 2014, Numar, 7
Spitale, Total, Vrancea, Anul 2015, Numar, 7
Spitale, Total, Vrancea, Anul 2016, Numar, 7
Spitale, Total, Vrancea, Anul 2017, Numar, 7
Spitale, Total, Vrancea, Anul 2018, Numar, 7
Spitale, Total, Vrancea, Anul 2019, Numar, 7
Spitale, Total, Vrancea, Anul 2020, Numar, 7
Spitale, Total, Vrancea, Anul 2021, Numar, 7
Spitale, Total, Arges, Anul 1990, Numar, 16
Spitale, Total, Arges, Anul 1991, Numar, 16
Spitale, Total, Arges, Anul 1992, Numar, 16
Spitale, Total, Arges, Anul 1993, Numar, 16
Spitale, Total, Arges, Anul 1994, Numar, 14
Spitale, Total, Arges, Anul 1995, Numar, 14
Spitale, Total, Arges, Anul 1996, Numar, 15
Spitale, Total, Arges, Anul 1997, Numar, 15
Spitale, Total, Arges, Anul 1998, Numar, 15
Spitale, Total, Arges, Anul 1999, Numar, 15
Spitale, Total, Arges, Anul 2000, Numar, 16
Spitale, Total, Arges, Anul 2001, Numar, 17
Spitale, Total, Arges, Anul 2002, Numar, 17
Spitale, Total, Arges, Anul 2003, Numar, 17
Spitale, Total, Arges, Anul 2004, Numar, 17
Spitale, Total, Arges, Anul 2005, Numar, 17
Spitale, Total, Arges, Anul 2006, Numar, 17
Spitale, Total, Arges, Anul 2007, Numar, 19
Spitale, Total, Arges, Anul 2008, Numar, 19
Spitale, Total, Arges, Anul 2009, Numar, 19
Spitale, Total, Arges, Anul 2010, Numar, 20
Spitale, Total, Arges, Anul 2011, Numar, 17
Spitale, Total, Arges, Anul 2012, Numar, 17
Spitale, Total, Arges, Anul 2013, Numar, 20
Spitale, Total, Arges, Anul 2014, Numar, 20
Spitale, Total, Arges, Anul 2015, Numar, 20
Spitale, Total, Arges, Anul 2016, Numar, 20
Spitale, Total, Arges, Anul 2017, Numar, 20
Spitale, Total, Arges, Anul 2018, Numar, 18
Spitale, Total, Arges, Anul 2019, Numar, 18
Spitale, Total, Arges, Anul 2020, Numar, 17
Spitale, Total, Arges, Anul 2021, Numar, 17
Spitale, Total, Calarasi, Anul 1990, Numar, 7
Spitale, Total, Calarasi, Anul 1991, Numar, 7
Spitale, Total, Calarasi, Anul 1992, Numar, 7
Spitale, Total, Calarasi, Anul 1993, Numar, 7
Spitale, Total, Calarasi, Anul 1994, Numar, 7
Spitale, Total, Calarasi, Anul 1995, Numar, 7
Spitale, Total, Calarasi, Anul 1996, Numar, 7
Spitale, Total, Calarasi, Anul 1997, Numar, 7
Spitale, Total, Calarasi, Anul 1998, Numar, 7
Spitale, Total, Calarasi, Anul 1999, Numar, 7
Spitale, Total, Calarasi, Anul 2000, Numar, 7
Spitale, Total, Calarasi, Anul 2001, Numar, 7
Spitale, Total, Calarasi, Anul 2002, Numar, 7
Spitale, Total, Calarasi, Anul 2003, Numar, 6
Spitale, Total, Calarasi, Anul 2004, Numar, 6
Spitale, Total, Calarasi, Anul 2005, Numar, 6
Spitale, Total, Calarasi, Anul 2006, Numar, 6
Spitale, Total, Calarasi, Anul 2007, Numar, 6
Spitale, Total, Calarasi, Anul 2008, Numar, 6
Spitale, Total, Calarasi, Anul 2009, Numar, 6
Spitale, Total, Calarasi, Anul 2010, Numar, 6
Spitale, Total, Calarasi, Anul 2011, Numar, 5
Spitale, Total, Calarasi, Anul 2012, Numar, 5
Spitale, Total, Calarasi, Anul 2013, Numar, 5
Spitale, Total, Calarasi, Anul 2014, Numar, 5
Spitale, Total, Calarasi, Anul 2015, Numar, 5
Spitale, Total, Calarasi, Anul 2016, Numar, 5
Spitale, Total, Calarasi, Anul 2017, Numar, 5
Spitale, Total, Calarasi, Anul 2018, Numar, 5
Spitale, Total, Calarasi, Anul 2019, Numar, 6
Spitale, Total, Calarasi, Anul 2020, Numar, 6
Spitale, Total, Calarasi, Anul 2021, Numar, 6
Spitale, Total, Dambovita, Anul 1990, Numar, 9
Spitale, Total, Dambovita, Anul 1991, Numar, 9
Spitale, Total, Dambovita, Anul 1992, Numar, 10
Spitale, Total, Dambovita, Anul 1993, Numar, 10
Spitale, Total, Dambovita, Anul 1994, Numar, 7
Spitale, Total, Dambovita, Anul 1995, Numar, 7
Spitale, Total, Dambovita, Anul 1996, Numar, 7
Spitale, Total, Dambovita, Anul 1997, Numar, 8
Spitale, Total, Dambovita, Anul 1998, Numar, 8
Spitale, Total, Dambovita, Anul 1999, Numar, 8
Spitale, Total, Dambovita, Anul 2000, Numar, 8
Spitale, Total, Dambovita, Anul 2001, Numar, 8
Spitale, Total, Dambovita, Anul 2002, Numar, 9
Spitale, Total, Dambovita, Anul 2003, Numar, 7
Spitale, Total, Dambovita, Anul 2004, Numar, 7
Spitale, Total, Dambovita, Anul 2005, Numar, 7
Spitale, Total, Dambovita, Anul 2006, Numar, 7
Spitale, Total, Dambovita, Anul 2007, Numar, 7
Spitale, Total, Dambovita, Anul 2008, Numar, 7
Spitale, Total, Dambovita, Anul 2009, Numar, 8
Spitale, Total, Dambovita, Anul 2010, Numar, 5
Spitale, Total, Dambovita, Anul 2011, Numar, 4
Spitale, Total, Dambovita, Anul 2012, Numar, 4
Spitale, Total, Dambovita, Anul 2013, Numar, 4
Spitale, Total, Dambovita, Anul 2014, Numar, 4
Spitale, Total, Dambovita, Anul 2015, Numar, 4
Spitale, Total, Dambovita, Anul 2016, Numar, 4
Spitale, Total, Dambovita, Anul 2017, Numar, 4
Spitale, Total, Dambovita, Anul 2018, Numar, 4
Spitale, Total, Dambovita, Anul 2019, Numar, 4
Spitale, Total, Dambovita, Anul 2020, Numar, 4
Spitale, Total, Dambovita, Anul 2021, Numar, 4
Spitale, Total, Giurgiu, Anul 1990, Numar, 8
Spitale, Total, Giurgiu, Anul 1991, Numar, 8
Spitale, Total, Giurgiu, Anul 1992, Numar, 8
Spitale, Total, Giurgiu, Anul 1993, Numar, 8
Spitale, Total, Giurgiu, Anul 1994, Numar, 8
Spitale, Total, Giurgiu, Anul 1995, Numar, 5
Spitale, Total, Giurgiu, Anul 1996, Numar, 5
Spitale, Total, Giurgiu, Anul 1997, Numar, 5
Spitale, Total, Giurgiu, Anul 1998, Numar, 5
Spitale, Total, Giurgiu, Anul 1999, Numar, 5
Spitale, Total, Giurgiu, Anul 2000, Numar, 5
Spitale, Total, Giurgiu, Anul 2001, Numar, 5
Spitale, Total, Giurgiu, Anul 2002, Numar, 5
Spitale, Total, Giurgiu, Anul 2003, Numar, 5
Spitale, Total, Giurgiu, Anul 2004, Numar, 5
Spitale, Total, Giurgiu, Anul 2005, Numar, 5
Spitale, Total, Giurgiu, Anul 2006, Numar, 5
Spitale, Total, Giurgiu, Anul 2007, Numar, 5
Spitale, Total, Giurgiu, Anul 2008, Numar, 5
Spitale, Total, Giurgiu, Anul 2009, Numar, 5
Spitale, Total, Giurgiu, Anul 2010, Numar, 5
Spitale, Total, Giurgiu, Anul 2011, Numar, 4
Spitale, Total, Giurgiu, Anul 2012, Numar, 3
Spitale, Total, Giurgiu, Anul 2013, Numar, 3
Spitale, Total, Giurgiu, Anul 2014, Numar, 3
Spitale, Total, Giurgiu, Anul 2015, Numar, 3
Spitale, Total, Giurgiu, Anul 2016, Numar, 3
Spitale, Total, Giurgiu, Anul 2017, Numar, 3
Spitale, Total, Giurgiu, Anul 2018, Numar, 3
Spitale, Total, Giurgiu, Anul 2019, Numar, 3
Spitale, Total, Giurgiu, Anul 2020, Numar, 4
Spitale, Total, Giurgiu, Anul 2021, Numar, 4
Spitale, Total, Ialomita, Anul 1990, Numar, 5
Spitale, Total, Ialomita, Anul 1991, Numar, 5
Spitale, Total, Ialomita, Anul 1992, Numar, 5
Spitale, Total, Ialomita, Anul 1993, Numar, 5
Spitale, Total, Ialomita, Anul 1994, Numar, 5
Spitale, Total, Ialomita, Anul 1995, Numar, 5
Spitale, Total, Ialomita, Anul 1996, Numar, 5
Spitale, Total, Ialomita, Anul 1997, Numar, 5
Spitale, Total, Ialomita, Anul 1998, Numar, 5
Spitale, Total, Ialomita, Anul 1999, Numar, 5
Spitale, Total, Ialomita, Anul 2000, Numar, 5
Spitale, Total, Ialomita, Anul 2001, Numar, 5
Spitale, Total, Ialomita, Anul 2002, Numar, 5
Spitale, Total, Ialomita, Anul 2003, Numar, 4
Spitale, Total, Ialomita, Anul 2004, Numar, 4
Spitale, Total, Ialomita, Anul 2005, Numar, 4
Spitale, Total, Ialomita, Anul 2006, Numar, 4
Spitale, Total, Ialomita, Anul 2007, Numar, 4
Spitale, Total, Ialomita, Anul 2008, Numar, 4
Spitale, Total, Ialomita, Anul 2009, Numar, 4
Spitale, Total, Ialomita, Anul 2010, Numar, 4
Spitale, Total, Ialomita, Anul 2011, Numar, 3
Spitale, Total, Ialomita, Anul 2012, Numar, 3
Spitale, Total, Ialomita, Anul 2013, Numar, 4
Spitale, Total, Ialomita, Anul 2014, Numar, 4
Spitale, Total, Ialomita, Anul 2015, Numar, 4
Spitale, Total, Ialomita, Anul 2016, Numar, 4
Spitale, Total, Ialomita, Anul 2017, Numar, 4
Spitale, Total, Ialomita, Anul 2018, Numar, 4
Spitale, Total, Ialomita, Anul 2019, Numar, 4
Spitale, Total, Ialomita, Anul 2020, Numar, 4
Spitale, Total, Ialomita, Anul 2021, Numar, 4
Spitale, Total, Prahova, Anul 1990, Numar, 16
Spitale, Total, Prahova, Anul 1991, Numar, 16
Spitale, Total, Prahova, Anul 1992, Numar, 16
Spitale, Total, Prahova, Anul 1993, Numar, 16
Spitale, Total, Prahova, Anul 1994, Numar, 16
Spitale, Total, Prahova, Anul 1995, Numar, 16
Spitale, Total, Prahova, Anul 1996, Numar, 16
Spitale, Total, Prahova, Anul 1997, Numar, 16
Spitale, Total, Prahova, Anul 1998, Numar, 16
Spitale, Total, Prahova, Anul 1999, Numar, 16
Spitale, Total, Prahova, Anul 2000, Numar, 17
Spitale, Total, Prahova, Anul 2001, Numar, 17
Spitale, Total, Prahova, Anul 2002, Numar, 18
Spitale, Total, Prahova, Anul 2003, Numar, 16
Spitale, Total, Prahova, Anul 2004, Numar, 14
Spitale, Total, Prahova, Anul 2005, Numar, 15
Spitale, Total, Prahova, Anul 2006, Numar, 15
Spitale, Total, Prahova, Anul 2007, Numar, 16
Spitale, Total, Prahova, Anul 2008, Numar, 16
Spitale, Total, Prahova, Anul 2009, Numar, 16
Spitale, Total, Prahova, Anul 2010, Numar, 16
Spitale, Total, Prahova, Anul 2011, Numar, 16
Spitale, Total, Prahova, Anul 2012, Numar, 18
Spitale, Total, Prahova, Anul 2013, Numar, 21
Spitale, Total, Prahova, Anul 2014, Numar, 22
Spitale, Total, Prahova, Anul 2015, Numar, 22
Spitale, Total, Prahova, Anul 2016, Numar, 24
Spitale, Total, Prahova, Anul 2017, Numar, 24
Spitale, Total, Prahova, Anul 2018, Numar, 25
Spitale, Total, Prahova, Anul 2019, Numar, 26
Spitale, Total, Prahova, Anul 2020, Numar, 26
Spitale, Total, Prahova, Anul 2021, Numar, 25
Spitale, Total, Teleorman, Anul 1990, Numar, 10
Spitale, Total, Teleorman, Anul 1991, Numar, 10
Spitale, Total, Teleorman, Anul 1992, Numar, 10
Spitale, Total, Teleorman, Anul 1993, Numar, 10
Spitale, Total, Teleorman, Anul 1994, Numar, 9
Spitale, Total, Teleorman, Anul 1995, Numar, 9
Spitale, Total, Teleorman, Anul 1996, Numar, 9
Spitale, Total, Teleorman, Anul 1997, Numar, 9
Spitale, Total, Teleorman, Anul 1998, Numar, 8
Spitale, Total, Teleorman, Anul 1999, Numar, 9
Spitale, Total, Teleorman, Anul 2000, Numar, 9
Spitale, Total, Teleorman, Anul 2001, Numar, 9
Spitale, Total, Teleorman, Anul 2002, Numar, 8
Spitale, Total, Teleorman, Anul 2003, Numar, 8
Spitale, Total, Teleorman, Anul 2004, Numar, 8
Spitale, Total, Teleorman, Anul 2005, Numar, 8
Spitale, Total, Teleorman, Anul 2006, Numar, 8
Spitale, Total, Teleorman, Anul 2007, Numar, 8
Spitale, Total, Teleorman, Anul 2008, Numar, 8
Spitale, Total, Teleorman, Anul 2009, Numar, 8
Spitale, Total, Teleorman, Anul 2010, Numar, 8
Spitale, Total, Teleorman, Anul 2011, Numar, 8
Spitale, Total, Teleorman, Anul 2012, Numar, 8
Spitale, Total, Teleorman, Anul 2013, Numar, 7
Spitale, Total, Teleorman, Anul 2014, Numar, 7
Spitale, Total, Teleorman, Anul 2015, Numar, 7
Spitale, Total, Teleorman, Anul 2016, Numar, 7
Spitale, Total, Teleorman, Anul 2017, Numar, 7
Spitale, Total, Teleorman, Anul 2018, Numar, 7
Spitale, Total, Teleorman, Anul 2019, Numar, 7
Spitale, Total, Teleorman, Anul 2020, Numar, 7
Spitale, Total, Teleorman, Anul 2021, Numar, 7
Spitale, Total, Ilfov, Anul 1994, Numar, 4
Spitale, Total, Ilfov, Anul 1995, Numar, 4
Spitale, Total, Ilfov, Anul 1996, Numar, 4
Spitale, Total, Ilfov, Anul 1997, Numar, 4
Spitale, Total, Ilfov, Anul 1998, Numar, 4
Spitale, Total, Ilfov, Anul 1999, Numar, 4
Spitale, Total, Ilfov, Anul 2000, Numar, 5
Spitale, Total, Ilfov, Anul 2001, Numar, 5
Spitale, Total, Ilfov, Anul 2002, Numar, 6
Spitale, Total, Ilfov, Anul 2003, Numar, 5
Spitale, Total, Ilfov, Anul 2004, Numar, 5
Spitale, Total, Ilfov, Anul 2005, Numar, 6
Spitale, Total, Ilfov, Anul 2006, Numar, 7
Spitale, Total, Ilfov, Anul 2007, Numar, 7
Spitale, Total, Ilfov, Anul 2008, Numar, 7
Spitale, Total, Ilfov, Anul 2009, Numar, 8
Spitale, Total, Ilfov, Anul 2010, Numar, 8
Spitale, Total, Ilfov, Anul 2011, Numar, 6
Spitale, Total, Ilfov, Anul 2012, Numar, 8
Spitale, Total, Ilfov, Anul 2013, Numar, 8
Spitale, Total, Ilfov, Anul 2014, Numar, 8
Spitale, Total, Ilfov, Anul 2015, Numar, 9
Spitale, Total, Ilfov, Anul 2016, Numar, 9
Spitale, Total, Ilfov, Anul 2017, Numar, 9
Spitale, Total, Ilfov, Anul 2018, Numar, 8
Spitale, Total, Ilfov, Anul 2019, Numar, 9
Spitale, Total, Ilfov, Anul 2020, Numar, 9
Spitale, Total, Ilfov, Anul 2021, Numar, 9
Spitale, Total, Municipiul Bucuresti, Anul 1994, Numar, 51
Spitale, Total, Municipiul Bucuresti, Anul 1995, Numar, 52
Spitale, Total, Municipiul Bucuresti, Anul 1996, Numar, 52
Spitale, Total, Municipiul Bucuresti, Anul 1997, Numar, 51
Spitale, Total, Municipiul Bucuresti, Anul 1998, Numar, 50
Spitale, Total, Municipiul Bucuresti, Anul 1999, Numar, 53
Spitale, Total, Municipiul Bucuresti, Anul 2000, Numar, 54
Spitale, Total, Municipiul Bucuresti, Anul 2001, Numar, 54
Spitale, Total, Municipiul Bucuresti, Anul 2002, Numar, 52
Spitale, Total, Municipiul Bucuresti, Anul 2003, Numar, 50
Spitale, Total, Municipiul Bucuresti, Anul 2004, Numar, 51
Spitale, Total, Municipiul Bucuresti, Anul 2005, Numar, 52
Spitale, Total, Municipiul Bucuresti, Anul 2006, Numar, 52
Spitale, Total, Municipiul Bucuresti, Anul 2007, Numar, 53
Spitale, Total, Municipiul Bucuresti, Anul 2008, Numar, 54
Spitale, Total, Municipiul Bucuresti, Anul 2009, Numar, 58
Spitale, Total, Municipiul Bucuresti, Anul 2010, Numar, 75
Spitale, Total, Municipiul Bucuresti, Anul 2011, Numar, 78
Spitale, Total, Municipiul Bucuresti, Anul 2012, Numar, 78
Spitale, Total, Municipiul Bucuresti, Anul 2013, Numar, 79
Spitale, Total, Municipiul Bucuresti, Anul 2014, Numar, 83
Spitale, Total, Municipiul Bucuresti, Anul 2015, Numar, 92
Spitale, Total, Municipiul Bucuresti, Anul 2016, Numar, 93
Spitale, Total, Municipiul Bucuresti, Anul 2017, Numar, 92
Spitale, Total, Municipiul Bucuresti, Anul 2018, Numar, 71
Spitale, Total, Municipiul Bucuresti, Anul 2019, Numar, 72
Spitale, Total, Municipiul Bucuresti, Anul 2020, Numar, 72
Spitale, Total, Municipiul Bucuresti, Anul 2021, Numar, 76
Spitale, Total, Dolj, Anul 1990, Numar, 12
Spitale, Total, Dolj, Anul 1991, Numar, 12
Spitale, Total, Dolj, Anul 1992, Numar, 12
Spitale, Total, Dolj, Anul 1993, Numar, 12
Spitale, Total, Dolj, Anul 1994, Numar, 9
Spitale, Total, Dolj, Anul 1995, Numar, 9
Spitale, Total, Dolj, Anul 1996, Numar, 9
Spitale, Total, Dolj, Anul 1997, Numar, 9
Spitale, Total, Dolj, Anul 1998, Numar, 9
Spitale, Total, Dolj, Anul 1999, Numar, 9
Spitale, Total, Dolj, Anul 2000, Numar, 12
Spitale, Total, Dolj, Anul 2001, Numar, 13
Spitale, Total, Dolj, Anul 2002, Numar, 13
Spitale, Total, Dolj, Anul 2003, Numar, 13
Spitale, Total, Dolj, Anul 2004, Numar, 13
Spitale, Total, Dolj, Anul 2005, Numar, 14
Spitale, Total, Dolj, Anul 2006, Numar, 14
Spitale, Total, Dolj, Anul 2007, Numar, 14
Spitale, Total, Dolj, Anul 2008, Numar, 14
Spitale, Total, Dolj, Anul 2009, Numar, 14
Spitale, Total, Dolj, Anul 2010, Numar, 14
Spitale, Total, Dolj, Anul 2011, Numar, 15
Spitale, Total, Dolj, Anul 2012, Numar, 15
Spitale, Total, Dolj, Anul 2013, Numar, 15
Spitale, Total, Dolj, Anul 2014, Numar, 18
Spitale, Total, Dolj, Anul 2015, Numar, 19
Spitale, Total, Dolj, Anul 2016, Numar, 20
Spitale, Total, Dolj, Anul 2017, Numar, 20
Spitale, Total, Dolj, Anul 2018, Numar, 21
Spitale, Total, Dolj, Anul 2019, Numar, 24
Spitale, Total, Dolj, Anul 2020, Numar, 24
Spitale, Total, Dolj, Anul 2021, Numar, 24
Spitale, Total, Gorj, Anul 1990, Numar, 7
Spitale, Total, Gorj, Anul 1991, Numar, 7
Spitale, Total, Gorj, Anul 1992, Numar, 7
Spitale, Total, Gorj, Anul 1993, Numar, 7
Spitale, Total, Gorj, Anul 1994, Numar, 7
Spitale, Total, Gorj, Anul 1995, Numar, 7
Spitale, Total, Gorj, Anul 1996, Numar, 7
Spitale, Total, Gorj, Anul 1997, Numar, 7
Spitale, Total, Gorj, Anul 1998, Numar, 7
Spitale, Total, Gorj, Anul 1999, Numar, 7
Spitale, Total, Gorj, Anul 2000, Numar, 7
Spitale, Total, Gorj, Anul 2001, Numar, 7
Spitale, Total, Gorj, Anul 2002, Numar, 8
Spitale, Total, Gorj, Anul 2003, Numar, 8
Spitale, Total, Gorj, Anul 2004, Numar, 8
Spitale, Total, Gorj, Anul 2005, Numar, 8
Spitale, Total, Gorj, Anul 2006, Numar, 8
Spitale, Total, Gorj, Anul 2007, Numar, 8
Spitale, Total, Gorj, Anul 2008, Numar, 8
Spitale, Total, Gorj, Anul 2009, Numar, 8
Spitale, Total, Gorj, Anul 2010, Numar, 8
Spitale, Total, Gorj, Anul 2011, Numar, 7
Spitale, Total, Gorj, Anul 2012, Numar, 7
Spitale, Total, Gorj, Anul 2013, Numar, 8
Spitale, Total, Gorj, Anul 2014, Numar, 8
Spitale, Total, Gorj, Anul 2015, Numar, 8
Spitale, Total, Gorj, Anul 2016, Numar, 8
Spitale, Total, Gorj, Anul 2017, Numar, 10
Spitale, Total, Gorj, Anul 2018, Numar, 8
Spitale, Total, Gorj, Anul 2019, Numar, 8
Spitale, Total, Gorj, Anul 2020, Numar, 8
Spitale, Total, Gorj, Anul 2021, Numar, 8
Spitale, Total, Mehedinti, Anul 1990, Numar, 7
Spitale, Total, Mehedinti, Anul 1991, Numar, 7
Spitale, Total, Mehedinti, Anul 1992, Numar, 7
Spitale, Total, Mehedinti, Anul 1993, Numar, 7
Spitale, Total, Mehedinti, Anul 1994, Numar, 7
Spitale, Total, Mehedinti, Anul 1995, Numar, 6
Spitale, Total, Mehedinti, Anul 1996, Numar, 6
Spitale, Total, Mehedinti, Anul 1997, Numar, 6
Spitale, Total, Mehedinti, Anul 1998, Numar, 6
Spitale, Total, Mehedinti, Anul 1999, Numar, 6
Spitale, Total, Mehedinti, Anul 2000, Numar, 6
Spitale, Total, Mehedinti, Anul 2001, Numar, 6
Spitale, Total, Mehedinti, Anul 2002, Numar, 6
Spitale, Total, Mehedinti, Anul 2003, Numar, 6
Spitale, Total, Mehedinti, Anul 2004, Numar, 6
Spitale, Total, Mehedinti, Anul 2005, Numar, 6
Spitale, Total, Mehedinti, Anul 2006, Numar, 6
Spitale, Total, Mehedinti, Anul 2007, Numar, 6
Spitale, Total, Mehedinti, Anul 2008, Numar, 6
Spitale, Total, Mehedinti, Anul 2009, Numar, 6
Spitale, Total, Mehedinti, Anul 2010, Numar, 6
Spitale, Total, Mehedinti, Anul 2011, Numar, 4
Spitale, Total, Mehedinti, Anul 2012, Numar, 4
Spitale, Total, Mehedinti, Anul 2013, Numar, 4
Spitale, Total, Mehedinti, Anul 2014, Numar, 4
Spitale, Total, Mehedinti, Anul 2015, Numar, 4
Spitale, Total, Mehedinti, Anul 2016, Numar, 4
Spitale, Total, Mehedinti, Anul 2017, Numar, 4
Spitale, Total, Mehedinti, Anul 2018, Numar, 4
Spitale, Total, Mehedinti, Anul 2019, Numar, 4
Spitale, Total, Mehedinti, Anul 2020, Numar, 4
Spitale, Total, Mehedinti, Anul 2021, Numar, 4
Spitale, Total, Olt, Anul 1990, Numar, 8
Spitale, Total, Olt, Anul 1991, Numar, 8
Spitale, Total, Olt, Anul 1992, Numar, 8
Spitale, Total, Olt, Anul 1993, Numar, 8
Spitale, Total, Olt, Anul 1994, Numar, 8
Spitale, Total, Olt, Anul 1995, Numar, 8
Spitale, Total, Olt, Anul 1996, Numar, 7
Spitale, Total, Olt, Anul 1997, Numar, 7
Spitale, Total, Olt, Anul 1998, Numar, 7
Spitale, Total, Olt, Anul 1999, Numar, 7
Spitale, Total, Olt, Anul 2000, Numar, 7
Spitale, Total, Olt, Anul 2001, Numar, 7
Spitale, Total, Olt, Anul 2002, Numar, 7
Spitale, Total, Olt, Anul 2003, Numar, 6
Spitale, Total, Olt, Anul 2004, Numar, 6
Spitale, Total, Olt, Anul 2005, Numar, 6
Spitale, Total, Olt, Anul 2006, Numar, 6
Spitale, Total, Olt, Anul 2007, Numar, 6
Spitale, Total, Olt, Anul 2008, Numar, 6
Spitale, Total, Olt, Anul 2009, Numar, 6
Spitale, Total, Olt, Anul 2010, Numar, 6
Spitale, Total, Olt, Anul 2011, Numar, 6
Spitale, Total, Olt, Anul 2012, Numar, 6
Spitale, Total, Olt, Anul 2013, Numar, 5
Spitale, Total, Olt, Anul 2014, Numar, 5
Spitale, Total, Olt, Anul 2015, Numar, 5
Spitale, Total, Olt, Anul 2016, Numar, 5
Spitale, Total, Olt, Anul 2017, Numar, 5
Spitale, Total, Olt, Anul 2018, Numar, 5
Spitale, Total, Olt, Anul 2019, Numar, 5
Spitale, Total, Olt, Anul 2020, Numar, 6
Spitale, Total, Olt, Anul 2021, Numar, 6
Spitale, Total, Valcea, Anul 1990, Numar, 7
Spitale, Total, Valcea, Anul 1991, Numar, 7
Spitale, Total, Valcea, Anul 1992, Numar, 7
Spitale, Total, Valcea, Anul 1993, Numar, 8
Spitale, Total, Valcea, Anul 1994, Numar, 8
Spitale, Total, Valcea, Anul 1995, Numar, 8
Spitale, Total, Valcea, Anul 1996, Numar, 8
Spitale, Total, Valcea, Anul 1997, Numar, 8
Spitale, Total, Valcea, Anul 1998, Numar, 8
Spitale, Total, Valcea, Anul 1999, Numar, 8
Spitale, Total, Valcea, Anul 2000, Numar, 8
Spitale, Total, Valcea, Anul 2001, Numar, 8
Spitale, Total, Valcea, Anul 2002, Numar, 8
Spitale, Total, Valcea, Anul 2003, Numar, 8
Spitale, Total, Valcea, Anul 2004, Numar, 8
Spitale, Total, Valcea, Anul 2005, Numar, 8
Spitale, Total, Valcea, Anul 2006, Numar, 8
Spitale, Total, Valcea, Anul 2007, Numar, 9
Spitale, Total, Valcea, Anul 2008, Numar, 9
Spitale, Total, Valcea, Anul 2009, Numar, 9
Spitale, Total, Valcea, Anul 2010, Numar, 9
Spitale, Total, Valcea, Anul 2011, Numar, 7
Spitale, Total, Valcea, Anul 2012, Numar, 7
Spitale, Total, Valcea, Anul 2013, Numar, 7
Spitale, Total, Valcea, Anul 2014, Numar, 7
Spitale, Total, Valcea, Anul 2015, Numar, 7
Spitale, Total, Valcea, Anul 2016, Numar, 9
Spitale, Total, Valcea, Anul 2017, Numar, 9
Spitale, Total, Valcea, Anul 2018, Numar, 11
Spitale, Total, Valcea, Anul 2019, Numar, 11
Spitale, Total, Valcea, Anul 2020, Numar, 11
Spitale, Total, Valcea, Anul 2021, Numar, 11
Spitale, Total, Arad, Anul 1990, Numar, 10
Spitale, Total, Arad, Anul 1991, Numar, 10
Spitale, Total, Arad, Anul 1992, Numar, 11
Spitale, Total, Arad, Anul 1993, Numar, 11
Spitale, Total, Arad, Anul 1994, Numar, 11
Spitale, Total, Arad, Anul 1995, Numar, 11
Spitale, Total, Arad, Anul 1996, Numar, 11
Spitale, Total, Arad, Anul 1997, Numar, 11
Spitale, Total, Arad, Anul 1998, Numar, 11
Spitale, Total, Arad, Anul 1999, Numar, 11
Spitale, Total, Arad, Anul 2000, Numar, 11
Spitale, Total, Arad, Anul 2001, Numar, 11
Spitale, Total, Arad, Anul 2002, Numar, 11
Spitale, Total, Arad, Anul 2003, Numar, 11
Spitale, Total, Arad, Anul 2004, Numar, 11
Spitale, Total, Arad, Anul 2005, Numar, 11
Spitale, Total, Arad, Anul 2006, Numar, 11
Spitale, Total, Arad, Anul 2007, Numar, 12
Spitale, Total, Arad, Anul 2008, Numar, 12
Spitale, Total, Arad, Anul 2009, Numar, 14
Spitale, Total, Arad, Anul 2010, Numar, 14
Spitale, Total, Arad, Anul 2011, Numar, 10
Spitale, Total, Arad, Anul 2012, Numar, 11
Spitale, Total, Arad, Anul 2013, Numar, 11
Spitale, Total, Arad, Anul 2014, Numar, 10
Spitale, Total, Arad, Anul 2015, Numar, 11
Spitale, Total, Arad, Anul 2016, Numar, 11
Spitale, Total, Arad, Anul 2017, Numar, 11
Spitale, Total, Arad, Anul 2018, Numar, 11
Spitale, Total, Arad, Anul 2019, Numar, 11
Spitale, Total, Arad, Anul 2020, Numar, 12
Spitale, Total, Arad, Anul 2021, Numar, 12
Spitale, Total, Caras-Severin, Anul 1990, Numar, 8
Spitale, Total, Caras-Severin, Anul 1991, Numar, 8
Spitale, Total, Caras-Severin, Anul 1992, Numar, 8
Spitale, Total, Caras-Severin, Anul 1993, Numar, 8
Spitale, Total, Caras-Severin, Anul 1994, Numar, 8
Spitale, Total, Caras-Severin, Anul 1995, Numar, 8
Spitale, Total, Caras-Severin, Anul 1996, Numar, 8
Spitale, Total, Caras-Severin, Anul 1997, Numar, 8
Spitale, Total, Caras-Severin, Anul 1998, Numar, 8
Spitale, Total, Caras-Severin, Anul 1999, Numar, 8
Spitale, Total, Caras-Severin, Anul 2000, Numar, 8
Spitale, Total, Caras-Severin, Anul 2001, Numar, 8
Spitale, Total, Caras-Severin, Anul 2002, Numar, 8
Spitale, Total, Caras-Severin, Anul 2003, Numar, 8
Spitale, Total, Caras-Severin, Anul 2004, Numar, 8
Spitale, Total, Caras-Severin, Anul 2005, Numar, 8
Spitale, Total, Caras-Severin, Anul 2006, Numar, 8
Spitale, Total, Caras-Severin, Anul 2007, Numar, 8
Spitale, Total, Caras-Severin, Anul 2008, Numar, 8
Spitale, Total, Caras-Severin, Anul 2009, Numar, 8
Spitale, Total, Caras-Severin, Anul 2010, Numar, 9
Spitale, Total, Caras-Severin, Anul 2011, Numar, 6
Spitale, Total, Caras-Severin, Anul 2012, Numar, 6
Spitale, Total, Caras-Severin, Anul 2013, Numar, 6
Spitale, Total, Caras-Severin, Anul 2014, Numar, 6
Spitale, Total, Caras-Severin, Anul 2015, Numar, 6
Spitale, Total, Caras-Severin, Anul 2016, Numar, 6
Spitale, Total, Caras-Severin, Anul 2017, Numar, 6
Spitale, Total, Caras-Severin, Anul 2018, Numar, 6
Spitale, Total, Caras-Severin, Anul 2019, Numar, 6
Spitale, Total, Caras-Severin, Anul 2020, Numar, 6
Spitale, Total, Caras-Severin, Anul 2021, Numar, 6
Spitale, Total, Hunedoara, Anul 1990, Numar, 13
Spitale, Total, Hunedoara, Anul 1991, Numar, 14
Spitale, Total, Hunedoara, Anul 1992, Numar, 14
Spitale, Total, Hunedoara, Anul 1993, Numar, 13
Spitale, Total, Hunedoara, Anul 1994, Numar, 12
Spitale, Total, Hunedoara, Anul 1995, Numar, 13
Spitale, Total, Hunedoara, Anul 1996, Numar, 13
Spitale, Total, Hunedoara, Anul 1997, Numar, 14
Spitale, Total, Hunedoara, Anul 1998, Numar, 14
Spitale, Total, Hunedoara, Anul 1999, Numar, 14
Spitale, Total, Hunedoara, Anul 2000, Numar, 13
Spitale, Total, Hunedoara, Anul 2001, Numar, 13
Spitale, Total, Hunedoara, Anul 2002, Numar, 13
Spitale, Total, Hunedoara, Anul 2003, Numar, 11
Spitale, Total, Hunedoara, Anul 2004, Numar, 11
Spitale, Total, Hunedoara, Anul 2005, Numar, 11
Spitale, Total, Hunedoara, Anul 2006, Numar, 11
Spitale, Total, Hunedoara, Anul 2007, Numar, 11
Spitale, Total, Hunedoara, Anul 2008, Numar, 11
Spitale, Total, Hunedoara, Anul 2009, Numar, 11
Spitale, Total, Hunedoara, Anul 2010, Numar, 11
Spitale, Total, Hunedoara, Anul 2011, Numar, 10
Spitale, Total, Hunedoara, Anul 2012, Numar, 10
Spitale, Total, Hunedoara, Anul 2013, Numar, 10
Spitale, Total, Hunedoara, Anul 2014, Numar, 10
Spitale, Total, Hunedoara, Anul 2015, Numar, 10
Spitale, Total, Hunedoara, Anul 2016, Numar, 10
Spitale, Total, Hunedoara, Anul 2017, Numar, 11
Spitale, Total, Hunedoara, Anul 2018, Numar, 10
Spitale, Total, Hunedoara, Anul 2019, Numar, 10
Spitale, Total, Hunedoara, Anul 2020, Numar, 10
Spitale, Total, Hunedoara, Anul 2021, Numar, 10
Spitale, Total, Timis, Anul 1990, Numar, 14
Spitale, Total, Timis, Anul 1991, Numar, 14
Spitale, Total, Timis, Anul 1992, Numar, 14
Spitale, Total, Timis, Anul 1993, Numar, 14
Spitale, Total, Timis, Anul 1994, Numar, 14
Spitale, Total, Timis, Anul 1995, Numar, 15
Spitale, Total, Timis, Anul 1996, Numar, 15
Spitale, Total, Timis, Anul 1997, Numar, 15
Spitale, Total, Timis, Anul 1998, Numar, 15
Spitale, Total, Timis, Anul 1999, Numar, 16
Spitale, Total, Timis, Anul 2000, Numar, 16
Spitale, Total, Timis, Anul 2001, Numar, 16
Spitale, Total, Timis, Anul 2002, Numar, 16
Spitale, Total, Timis, Anul 2003, Numar, 16
Spitale, Total, Timis, Anul 2004, Numar, 16
Spitale, Total, Timis, Anul 2005, Numar, 16
Spitale, Total, Timis, Anul 2006, Numar, 16
Spitale, Total, Timis, Anul 2007, Numar, 16
Spitale, Total, Timis, Anul 2008, Numar, 16
Spitale, Total, Timis, Anul 2009, Numar, 16
Spitale, Total, Timis, Anul 2010, Numar, 19
Spitale, Total, Timis, Anul 2011, Numar, 18
Spitale, Total, Timis, Anul 2012, Numar, 18
Spitale, Total, Timis, Anul 2013, Numar, 18
Spitale, Total, Timis, Anul 2014, Numar, 18
Spitale, Total, Timis, Anul 2015, Numar, 18
Spitale, Total, Timis, Anul 2016, Numar, 20
Spitale, Total, Timis, Anul 2017, Numar, 26
Spitale, Total, Timis, Anul 2018, Numar, 22
Spitale, Total, Timis, Anul 2019, Numar, 22
Spitale, Total, Timis, Anul 2020, Numar, 21
Spitale, Total, Timis, Anul 2021, Numar, 21
