Niveluri de educatie, Judete, Localitati , Ani, UM: Numar, Valoare
Total, Alba, TOTAL, Anul 1992, Numar, 782
Total, Alba, TOTAL, Anul 1993, Numar, 803
Total, Alba, TOTAL, Anul 1994, Numar, 775
Total, Alba, TOTAL, Anul 1995, Numar, 774
Total, Alba, TOTAL, Anul 1996, Numar, 780
Total, Alba, TOTAL, Anul 1997, Numar, 752
Total, Alba, TOTAL, Anul 1998, Numar, 766
Total, Alba, TOTAL, Anul 1999, Numar, 715
Total, Alba, TOTAL, Anul 2000, Numar, 706
Total, Alba, TOTAL, Anul 2001, Numar, 704
Total, Alba, TOTAL, Anul 2002, Numar, 704
Total, Alba, TOTAL, Anul 2003, Numar, 494
Total, Alba, TOTAL, Anul 2004, Numar, 494
Total, Alba, TOTAL, Anul 2005, Numar, 491
Total, Alba, TOTAL, Anul 2006, Numar, 184
Total, Alba, TOTAL, Anul 2007, Numar, 181
Total, Alba, TOTAL, Anul 2008, Numar, 179
Total, Alba, TOTAL, Anul 2009, Numar, 181
Total, Alba, TOTAL, Anul 2010, Numar, 174
Total, Alba, TOTAL, Anul 2011, Numar, 151
Total, Alba, TOTAL, Anul 2012, Numar, 143
Total, Alba, TOTAL, Anul 2013, Numar, 144
Total, Alba, TOTAL, Anul 2014, Numar, 141
Total, Alba, TOTAL, Anul 2015, Numar, 141
Total, Alba, TOTAL, Anul 2016, Numar, 140
Total, Alba, TOTAL, Anul 2017, Numar, 140
Total, Alba, TOTAL, Anul 2018, Numar, 140
Total, Alba, TOTAL, Anul 2019, Numar, 141
Total, Alba, TOTAL, Anul 2020, Numar, 140
Total, Alba, TOTAL, Anul 2021, Numar, 140
Total, Arad, TOTAL, Anul 1992, Numar, 643
Total, Arad, TOTAL, Anul 1993, Numar, 658
Total, Arad, TOTAL, Anul 1994, Numar, 651
Total, Arad, TOTAL, Anul 1995, Numar, 646
Total, Arad, TOTAL, Anul 1996, Numar, 687
Total, Arad, TOTAL, Anul 1997, Numar, 678
Total, Arad, TOTAL, Anul 1998, Numar, 676
Total, Arad, TOTAL, Anul 1999, Numar, 621
Total, Arad, TOTAL, Anul 2000, Numar, 604
Total, Arad, TOTAL, Anul 2001, Numar, 588
Total, Arad, TOTAL, Anul 2002, Numar, 578
Total, Arad, TOTAL, Anul 2003, Numar, 431
Total, Arad, TOTAL, Anul 2004, Numar, 266
Total, Arad, TOTAL, Anul 2005, Numar, 258
Total, Arad, TOTAL, Anul 2006, Numar, 182
Total, Arad, TOTAL, Anul 2007, Numar, 183
Total, Arad, TOTAL, Anul 2008, Numar, 181
Total, Arad, TOTAL, Anul 2009, Numar, 178
Total, Arad, TOTAL, Anul 2010, Numar, 163
Total, Arad, TOTAL, Anul 2011, Numar, 130
Total, Arad, TOTAL, Anul 2012, Numar, 176
Total, Arad, TOTAL, Anul 2013, Numar, 166
Total, Arad, TOTAL, Anul 2014, Numar, 163
Total, Arad, TOTAL, Anul 2015, Numar, 165
Total, Arad, TOTAL, Anul 2016, Numar, 156
Total, Arad, TOTAL, Anul 2017, Numar, 156
Total, Arad, TOTAL, Anul 2018, Numar, 156
Total, Arad, TOTAL, Anul 2019, Numar, 156
Total, Arad, TOTAL, Anul 2020, Numar, 154
Total, Arad, TOTAL, Anul 2021, Numar, 158
Total, Arges, TOTAL, Anul 1992, Numar, 1067
Total, Arges, TOTAL, Anul 1993, Numar, 1063
Total, Arges, TOTAL, Anul 1994, Numar, 1065
Total, Arges, TOTAL, Anul 1995, Numar, 1075
Total, Arges, TOTAL, Anul 1996, Numar, 1079
Total, Arges, TOTAL, Anul 1997, Numar, 1082
Total, Arges, TOTAL, Anul 1998, Numar, 1083
Total, Arges, TOTAL, Anul 1999, Numar, 1012
Total, Arges, TOTAL, Anul 2000, Numar, 1002
Total, Arges, TOTAL, Anul 2001, Numar, 1000
Total, Arges, TOTAL, Anul 2002, Numar, 1001
Total, Arges, TOTAL, Anul 2003, Numar, 353
Total, Arges, TOTAL, Anul 2004, Numar, 353
Total, Arges, TOTAL, Anul 2005, Numar, 353
Total, Arges, TOTAL, Anul 2006, Numar, 228
Total, Arges, TOTAL, Anul 2007, Numar, 226
Total, Arges, TOTAL, Anul 2008, Numar, 226
Total, Arges, TOTAL, Anul 2009, Numar, 222
Total, Arges, TOTAL, Anul 2010, Numar, 208
Total, Arges, TOTAL, Anul 2011, Numar, 202
Total, Arges, TOTAL, Anul 2012, Numar, 203
Total, Arges, TOTAL, Anul 2013, Numar, 206
Total, Arges, TOTAL, Anul 2014, Numar, 210
Total, Arges, TOTAL, Anul 2015, Numar, 208
Total, Arges, TOTAL, Anul 2016, Numar, 212
Total, Arges, TOTAL, Anul 2017, Numar, 213
Total, Arges, TOTAL, Anul 2018, Numar, 214
Total, Arges, TOTAL, Anul 2019, Numar, 214
Total, Arges, TOTAL, Anul 2020, Numar, 215
Total, Arges, TOTAL, Anul 2021, Numar, 215
Total, Bacau, TOTAL, Anul 1992, Numar, 1133
Total, Bacau, TOTAL, Anul 1993, Numar, 1151
Total, Bacau, TOTAL, Anul 1994, Numar, 1147
Total, Bacau, TOTAL, Anul 1995, Numar, 1147
Total, Bacau, TOTAL, Anul 1996, Numar, 1176
Total, Bacau, TOTAL, Anul 1997, Numar, 1113
Total, Bacau, TOTAL, Anul 1998, Numar, 1137
Total, Bacau, TOTAL, Anul 1999, Numar, 1083
Total, Bacau, TOTAL, Anul 2000, Numar, 672
Total, Bacau, TOTAL, Anul 2001, Numar, 680
Total, Bacau, TOTAL, Anul 2002, Numar, 666
Total, Bacau, TOTAL, Anul 2003, Numar, 394
Total, Bacau, TOTAL, Anul 2004, Numar, 392
Total, Bacau, TOTAL, Anul 2005, Numar, 392
Total, Bacau, TOTAL, Anul 2006, Numar, 308
Total, Bacau, TOTAL, Anul 2007, Numar, 284
Total, Bacau, TOTAL, Anul 2008, Numar, 282
Total, Bacau, TOTAL, Anul 2009, Numar, 270
Total, Bacau, TOTAL, Anul 2010, Numar, 217
Total, Bacau, TOTAL, Anul 2011, Numar, 206
Total, Bacau, TOTAL, Anul 2012, Numar, 187
Total, Bacau, TOTAL, Anul 2013, Numar, 187
Total, Bacau, TOTAL, Anul 2014, Numar, 184
Total, Bacau, TOTAL, Anul 2015, Numar, 184
Total, Bacau, TOTAL, Anul 2016, Numar, 184
Total, Bacau, TOTAL, Anul 2017, Numar, 186
Total, Bacau, TOTAL, Anul 2018, Numar, 186
Total, Bacau, TOTAL, Anul 2019, Numar, 188
Total, Bacau, TOTAL, Anul 2020, Numar, 187
Total, Bacau, TOTAL, Anul 2021, Numar, 185
Total, Bihor, TOTAL, Anul 1992, Numar, 1101
Total, Bihor, TOTAL, Anul 1993, Numar, 1108
Total, Bihor, TOTAL, Anul 1994, Numar, 1093
Total, Bihor, TOTAL, Anul 1995, Numar, 1084
Total, Bihor, TOTAL, Anul 1996, Numar, 1083
Total, Bihor, TOTAL, Anul 1997, Numar, 1067
Total, Bihor, TOTAL, Anul 1998, Numar, 1074
Total, Bihor, TOTAL, Anul 1999, Numar, 1028
Total, Bihor, TOTAL, Anul 2000, Numar, 1014
Total, Bihor, TOTAL, Anul 2001, Numar, 1005
Total, Bihor, TOTAL, Anul 2002, Numar, 1001
Total, Bihor, TOTAL, Anul 2003, Numar, 349
Total, Bihor, TOTAL, Anul 2004, Numar, 348
Total, Bihor, TOTAL, Anul 2005, Numar, 345
Total, Bihor, TOTAL, Anul 2006, Numar, 221
Total, Bihor, TOTAL, Anul 2007, Numar, 225
Total, Bihor, TOTAL, Anul 2008, Numar, 219
Total, Bihor, TOTAL, Anul 2009, Numar, 228
Total, Bihor, TOTAL, Anul 2010, Numar, 221
Total, Bihor, TOTAL, Anul 2011, Numar, 220
Total, Bihor, TOTAL, Anul 2012, Numar, 205
Total, Bihor, TOTAL, Anul 2013, Numar, 207
Total, Bihor, TOTAL, Anul 2014, Numar, 209
Total, Bihor, TOTAL, Anul 2015, Numar, 216
Total, Bihor, TOTAL, Anul 2016, Numar, 207
Total, Bihor, TOTAL, Anul 2017, Numar, 206
Total, Bihor, TOTAL, Anul 2018, Numar, 203
Total, Bihor, TOTAL, Anul 2019, Numar, 204
Total, Bihor, TOTAL, Anul 2020, Numar, 204
Total, Bihor, TOTAL, Anul 2021, Numar, 206
Total, Bistrita-Nasaud, TOTAL, Anul 1992, Numar, 587
Total, Bistrita-Nasaud, TOTAL, Anul 1993, Numar, 595
Total, Bistrita-Nasaud, TOTAL, Anul 1994, Numar, 594
Total, Bistrita-Nasaud, TOTAL, Anul 1995, Numar, 605
Total, Bistrita-Nasaud, TOTAL, Anul 1996, Numar, 604
Total, Bistrita-Nasaud, TOTAL, Anul 1997, Numar, 600
Total, Bistrita-Nasaud, TOTAL, Anul 1998, Numar, 604
Total, Bistrita-Nasaud, TOTAL, Anul 1999, Numar, 581
Total, Bistrita-Nasaud, TOTAL, Anul 2000, Numar, 448
Total, Bistrita-Nasaud, TOTAL, Anul 2001, Numar, 420
Total, Bistrita-Nasaud, TOTAL, Anul 2002, Numar, 419
Total, Bistrita-Nasaud, TOTAL, Anul 2003, Numar, 288
Total, Bistrita-Nasaud, TOTAL, Anul 2004, Numar, 89
Total, Bistrita-Nasaud, TOTAL, Anul 2005, Numar, 100
Total, Bistrita-Nasaud, TOTAL, Anul 2006, Numar, 120
Total, Bistrita-Nasaud, TOTAL, Anul 2007, Numar, 121
Total, Bistrita-Nasaud, TOTAL, Anul 2008, Numar, 120
Total, Bistrita-Nasaud, TOTAL, Anul 2009, Numar, 132
Total, Bistrita-Nasaud, TOTAL, Anul 2010, Numar, 126
Total, Bistrita-Nasaud, TOTAL, Anul 2011, Numar, 126
Total, Bistrita-Nasaud, TOTAL, Anul 2012, Numar, 120
Total, Bistrita-Nasaud, TOTAL, Anul 2013, Numar, 120
Total, Bistrita-Nasaud, TOTAL, Anul 2014, Numar, 120
Total, Bistrita-Nasaud, TOTAL, Anul 2015, Numar, 119
Total, Bistrita-Nasaud, TOTAL, Anul 2016, Numar, 115
Total, Bistrita-Nasaud, TOTAL, Anul 2017, Numar, 116
Total, Bistrita-Nasaud, TOTAL, Anul 2018, Numar, 117
Total, Bistrita-Nasaud, TOTAL, Anul 2019, Numar, 111
Total, Bistrita-Nasaud, TOTAL, Anul 2020, Numar, 116
Total, Bistrita-Nasaud, TOTAL, Anul 2021, Numar, 115
Total, Botosani, TOTAL, Anul 1992, Numar, 802
Total, Botosani, TOTAL, Anul 1993, Numar, 809
Total, Botosani, TOTAL, Anul 1994, Numar, 813
Total, Botosani, TOTAL, Anul 1995, Numar, 815
Total, Botosani, TOTAL, Anul 1996, Numar, 819
Total, Botosani, TOTAL, Anul 1997, Numar, 802
Total, Botosani, TOTAL, Anul 1998, Numar, 793
Total, Botosani, TOTAL, Anul 1999, Numar, 766
Total, Botosani, TOTAL, Anul 2000, Numar, 761
Total, Botosani, TOTAL, Anul 2001, Numar, 758
Total, Botosani, TOTAL, Anul 2002, Numar, 756
Total, Botosani, TOTAL, Anul 2003, Numar, 587
Total, Botosani, TOTAL, Anul 2004, Numar, 587
Total, Botosani, TOTAL, Anul 2005, Numar, 271
Total, Botosani, TOTAL, Anul 2006, Numar, 173
Total, Botosani, TOTAL, Anul 2007, Numar, 168
Total, Botosani, TOTAL, Anul 2008, Numar, 170
Total, Botosani, TOTAL, Anul 2009, Numar, 147
Total, Botosani, TOTAL, Anul 2010, Numar, 145
Total, Botosani, TOTAL, Anul 2011, Numar, 127
Total, Botosani, TOTAL, Anul 2012, Numar, 127
Total, Botosani, TOTAL, Anul 2013, Numar, 129
Total, Botosani, TOTAL, Anul 2014, Numar, 132
Total, Botosani, TOTAL, Anul 2015, Numar, 132
Total, Botosani, TOTAL, Anul 2016, Numar, 132
Total, Botosani, TOTAL, Anul 2017, Numar, 132
Total, Botosani, TOTAL, Anul 2018, Numar, 133
Total, Botosani, TOTAL, Anul 2019, Numar, 134
Total, Botosani, TOTAL, Anul 2020, Numar, 132
Total, Botosani, TOTAL, Anul 2021, Numar, 131
Total, Brasov, TOTAL, Anul 1992, Numar, 550
Total, Brasov, TOTAL, Anul 1993, Numar, 566
Total, Brasov, TOTAL, Anul 1994, Numar, 551
Total, Brasov, TOTAL, Anul 1995, Numar, 568
Total, Brasov, TOTAL, Anul 1996, Numar, 582
Total, Brasov, TOTAL, Anul 1997, Numar, 561
Total, Brasov, TOTAL, Anul 1998, Numar, 579
Total, Brasov, TOTAL, Anul 1999, Numar, 501
Total, Brasov, TOTAL, Anul 2000, Numar, 492
Total, Brasov, TOTAL, Anul 2001, Numar, 482
Total, Brasov, TOTAL, Anul 2002, Numar, 485
Total, Brasov, TOTAL, Anul 2003, Numar, 465
Total, Brasov, TOTAL, Anul 2004, Numar, 459
Total, Brasov, TOTAL, Anul 2005, Numar, 384
Total, Brasov, TOTAL, Anul 2006, Numar, 247
Total, Brasov, TOTAL, Anul 2007, Numar, 246
Total, Brasov, TOTAL, Anul 2008, Numar, 258
Total, Brasov, TOTAL, Anul 2009, Numar, 256
Total, Brasov, TOTAL, Anul 2010, Numar, 239
Total, Brasov, TOTAL, Anul 2011, Numar, 243
Total, Brasov, TOTAL, Anul 2012, Numar, 217
Total, Brasov, TOTAL, Anul 2013, Numar, 202
Total, Brasov, TOTAL, Anul 2014, Numar, 211
Total, Brasov, TOTAL, Anul 2015, Numar, 211
Total, Brasov, TOTAL, Anul 2016, Numar, 204
Total, Brasov, TOTAL, Anul 2017, Numar, 196
Total, Brasov, TOTAL, Anul 2018, Numar, 189
Total, Brasov, TOTAL, Anul 2019, Numar, 186
Total, Brasov, TOTAL, Anul 2020, Numar, 186
Total, Brasov, TOTAL, Anul 2021, Numar, 191
Total, Braila, TOTAL, Anul 1992, Numar, 398
Total, Braila, TOTAL, Anul 1993, Numar, 407
Total, Braila, TOTAL, Anul 1994, Numar, 414
Total, Braila, TOTAL, Anul 1995, Numar, 418
Total, Braila, TOTAL, Anul 1996, Numar, 421
Total, Braila, TOTAL, Anul 1997, Numar, 419
Total, Braila, TOTAL, Anul 1998, Numar, 421
Total, Braila, TOTAL, Anul 1999, Numar, 389
Total, Braila, TOTAL, Anul 2000, Numar, 360
Total, Braila, TOTAL, Anul 2001, Numar, 356
Total, Braila, TOTAL, Anul 2002, Numar, 354
Total, Braila, TOTAL, Anul 2003, Numar, 354
Total, Braila, TOTAL, Anul 2004, Numar, 199
Total, Braila, TOTAL, Anul 2005, Numar, 138
Total, Braila, TOTAL, Anul 2006, Numar, 137
Total, Braila, TOTAL, Anul 2007, Numar, 139
Total, Braila, TOTAL, Anul 2008, Numar, 137
Total, Braila, TOTAL, Anul 2009, Numar, 140
Total, Braila, TOTAL, Anul 2010, Numar, 137
Total, Braila, TOTAL, Anul 2011, Numar, 125
Total, Braila, TOTAL, Anul 2012, Numar, 116
Total, Braila, TOTAL, Anul 2013, Numar, 111
Total, Braila, TOTAL, Anul 2014, Numar, 111
Total, Braila, TOTAL, Anul 2015, Numar, 111
Total, Braila, TOTAL, Anul 2016, Numar, 110
Total, Braila, TOTAL, Anul 2017, Numar, 107
Total, Braila, TOTAL, Anul 2018, Numar, 106
Total, Braila, TOTAL, Anul 2019, Numar, 106
Total, Braila, TOTAL, Anul 2020, Numar, 104
Total, Braila, TOTAL, Anul 2021, Numar, 101
Total, Buzau, TOTAL, Anul 1992, Numar, 789
Total, Buzau, TOTAL, Anul 1993, Numar, 803
Total, Buzau, TOTAL, Anul 1994, Numar, 823
Total, Buzau, TOTAL, Anul 1995, Numar, 846
Total, Buzau, TOTAL, Anul 1996, Numar, 862
Total, Buzau, TOTAL, Anul 1997, Numar, 850
Total, Buzau, TOTAL, Anul 1998, Numar, 852
Total, Buzau, TOTAL, Anul 1999, Numar, 810
Total, Buzau, TOTAL, Anul 2000, Numar, 767
Total, Buzau, TOTAL, Anul 2001, Numar, 764
Total, Buzau, TOTAL, Anul 2002, Numar, 762
Total, Buzau, TOTAL, Anul 2003, Numar, 759
Total, Buzau, TOTAL, Anul 2004, Numar, 749
Total, Buzau, TOTAL, Anul 2005, Numar, 725
Total, Buzau, TOTAL, Anul 2006, Numar, 198
Total, Buzau, TOTAL, Anul 2007, Numar, 201
Total, Buzau, TOTAL, Anul 2008, Numar, 203
Total, Buzau, TOTAL, Anul 2009, Numar, 198
Total, Buzau, TOTAL, Anul 2010, Numar, 165
Total, Buzau, TOTAL, Anul 2011, Numar, 159
Total, Buzau, TOTAL, Anul 2012, Numar, 157
Total, Buzau, TOTAL, Anul 2013, Numar, 157
Total, Buzau, TOTAL, Anul 2014, Numar, 155
Total, Buzau, TOTAL, Anul 2015, Numar, 151
Total, Buzau, TOTAL, Anul 2016, Numar, 148
Total, Buzau, TOTAL, Anul 2017, Numar, 148
Total, Buzau, TOTAL, Anul 2018, Numar, 149
Total, Buzau, TOTAL, Anul 2019, Numar, 148
Total, Buzau, TOTAL, Anul 2020, Numar, 150
Total, Buzau, TOTAL, Anul 2021, Numar, 148
Total, Caras-Severin, TOTAL, Anul 1992, Numar, 608
Total, Caras-Severin, TOTAL, Anul 1993, Numar, 603
Total, Caras-Severin, TOTAL, Anul 1994, Numar, 598
Total, Caras-Severin, TOTAL, Anul 1995, Numar, 602
Total, Caras-Severin, TOTAL, Anul 1996, Numar, 628
Total, Caras-Severin, TOTAL, Anul 1997, Numar, 613
Total, Caras-Severin, TOTAL, Anul 1998, Numar, 610
Total, Caras-Severin, TOTAL, Anul 1999, Numar, 559
Total, Caras-Severin, TOTAL, Anul 2000, Numar, 548
Total, Caras-Severin, TOTAL, Anul 2001, Numar, 545
Total, Caras-Severin, TOTAL, Anul 2002, Numar, 541
Total, Caras-Severin, TOTAL, Anul 2003, Numar, 424
Total, Caras-Severin, TOTAL, Anul 2004, Numar, 423
Total, Caras-Severin, TOTAL, Anul 2005, Numar, 186
Total, Caras-Severin, TOTAL, Anul 2006, Numar, 178
Total, Caras-Severin, TOTAL, Anul 2007, Numar, 146
Total, Caras-Severin, TOTAL, Anul 2008, Numar, 146
Total, Caras-Severin, TOTAL, Anul 2009, Numar, 143
Total, Caras-Severin, TOTAL, Anul 2010, Numar, 138
Total, Caras-Severin, TOTAL, Anul 2011, Numar, 129
Total, Caras-Severin, TOTAL, Anul 2012, Numar, 127
Total, Caras-Severin, TOTAL, Anul 2013, Numar, 124
Total, Caras-Severin, TOTAL, Anul 2014, Numar, 123
Total, Caras-Severin, TOTAL, Anul 2015, Numar, 123
Total, Caras-Severin, TOTAL, Anul 2016, Numar, 122
Total, Caras-Severin, TOTAL, Anul 2017, Numar, 123
Total, Caras-Severin, TOTAL, Anul 2018, Numar, 123
Total, Caras-Severin, TOTAL, Anul 2019, Numar, 122
Total, Caras-Severin, TOTAL, Anul 2020, Numar, 120
Total, Caras-Severin, TOTAL, Anul 2021, Numar, 120
Total, Calarasi, TOTAL, Anul 1992, Numar, 383
Total, Calarasi, TOTAL, Anul 1993, Numar, 378
Total, Calarasi, TOTAL, Anul 1994, Numar, 378
Total, Calarasi, TOTAL, Anul 1995, Numar, 381
Total, Calarasi, TOTAL, Anul 1996, Numar, 387
Total, Calarasi, TOTAL, Anul 1997, Numar, 385
Total, Calarasi, TOTAL, Anul 1998, Numar, 377
Total, Calarasi, TOTAL, Anul 1999, Numar, 359
Total, Calarasi, TOTAL, Anul 2000, Numar, 355
Total, Calarasi, TOTAL, Anul 2001, Numar, 355
Total, Calarasi, TOTAL, Anul 2002, Numar, 355
Total, Calarasi, TOTAL, Anul 2003, Numar, 351
Total, Calarasi, TOTAL, Anul 2004, Numar, 113
Total, Calarasi, TOTAL, Anul 2005, Numar, 137
Total, Calarasi, TOTAL, Anul 2006, Numar, 134
Total, Calarasi, TOTAL, Anul 2007, Numar, 132
Total, Calarasi, TOTAL, Anul 2008, Numar, 133
Total, Calarasi, TOTAL, Anul 2009, Numar, 133
Total, Calarasi, TOTAL, Anul 2010, Numar, 111
Total, Calarasi, TOTAL, Anul 2011, Numar, 99
Total, Calarasi, TOTAL, Anul 2012, Numar, 95
Total, Calarasi, TOTAL, Anul 2013, Numar, 99
Total, Calarasi, TOTAL, Anul 2014, Numar, 100
Total, Calarasi, TOTAL, Anul 2015, Numar, 100
Total, Calarasi, TOTAL, Anul 2016, Numar, 99
Total, Calarasi, TOTAL, Anul 2017, Numar, 96
Total, Calarasi, TOTAL, Anul 2018, Numar, 96
Total, Calarasi, TOTAL, Anul 2019, Numar, 95
Total, Calarasi, TOTAL, Anul 2020, Numar, 96
Total, Calarasi, TOTAL, Anul 2021, Numar, 97
Total, Cluj, TOTAL, Anul 1992, Numar, 892
Total, Cluj, TOTAL, Anul 1993, Numar, 901
Total, Cluj, TOTAL, Anul 1994, Numar, 886
Total, Cluj, TOTAL, Anul 1995, Numar, 898
Total, Cluj, TOTAL, Anul 1996, Numar, 916
Total, Cluj, TOTAL, Anul 1997, Numar, 917
Total, Cluj, TOTAL, Anul 1998, Numar, 931
Total, Cluj, TOTAL, Anul 1999, Numar, 867
Total, Cluj, TOTAL, Anul 2000, Numar, 624
Total, Cluj, TOTAL, Anul 2001, Numar, 615
Total, Cluj, TOTAL, Anul 2002, Numar, 599
Total, Cluj, TOTAL, Anul 2003, Numar, 493
Total, Cluj, TOTAL, Anul 2004, Numar, 395
Total, Cluj, TOTAL, Anul 2005, Numar, 279
Total, Cluj, TOTAL, Anul 2006, Numar, 268
Total, Cluj, TOTAL, Anul 2007, Numar, 263
Total, Cluj, TOTAL, Anul 2008, Numar, 259
Total, Cluj, TOTAL, Anul 2009, Numar, 263
Total, Cluj, TOTAL, Anul 2010, Numar, 252
Total, Cluj, TOTAL, Anul 2011, Numar, 254
Total, Cluj, TOTAL, Anul 2012, Numar, 257
Total, Cluj, TOTAL, Anul 2013, Numar, 258
Total, Cluj, TOTAL, Anul 2014, Numar, 258
Total, Cluj, TOTAL, Anul 2015, Numar, 263
Total, Cluj, TOTAL, Anul 2016, Numar, 265
Total, Cluj, TOTAL, Anul 2017, Numar, 274
Total, Cluj, TOTAL, Anul 2018, Numar, 271
Total, Cluj, TOTAL, Anul 2019, Numar, 272
Total, Cluj, TOTAL, Anul 2020, Numar, 271
Total, Cluj, TOTAL, Anul 2021, Numar, 277
Total, Constanta, TOTAL, Anul 1992, Numar, 609
Total, Constanta, TOTAL, Anul 1993, Numar, 614
Total, Constanta, TOTAL, Anul 1994, Numar, 611
Total, Constanta, TOTAL, Anul 1995, Numar, 616
Total, Constanta, TOTAL, Anul 1996, Numar, 621
Total, Constanta, TOTAL, Anul 1997, Numar, 605
Total, Constanta, TOTAL, Anul 1998, Numar, 601
Total, Constanta, TOTAL, Anul 1999, Numar, 564
Total, Constanta, TOTAL, Anul 2000, Numar, 555
Total, Constanta, TOTAL, Anul 2001, Numar, 556
Total, Constanta, TOTAL, Anul 2002, Numar, 562
Total, Constanta, TOTAL, Anul 2003, Numar, 563
Total, Constanta, TOTAL, Anul 2004, Numar, 386
Total, Constanta, TOTAL, Anul 2005, Numar, 300
Total, Constanta, TOTAL, Anul 2006, Numar, 299
Total, Constanta, TOTAL, Anul 2007, Numar, 299
Total, Constanta, TOTAL, Anul 2008, Numar, 293
Total, Constanta, TOTAL, Anul 2009, Numar, 289
Total, Constanta, TOTAL, Anul 2010, Numar, 259
Total, Constanta, TOTAL, Anul 2011, Numar, 245
Total, Constanta, TOTAL, Anul 2012, Numar, 234
Total, Constanta, TOTAL, Anul 2013, Numar, 236
Total, Constanta, TOTAL, Anul 2014, Numar, 244
Total, Constanta, TOTAL, Anul 2015, Numar, 242
Total, Constanta, TOTAL, Anul 2016, Numar, 234
Total, Constanta, TOTAL, Anul 2017, Numar, 230
Total, Constanta, TOTAL, Anul 2018, Numar, 227
Total, Constanta, TOTAL, Anul 2019, Numar, 228
Total, Constanta, TOTAL, Anul 2020, Numar, 228
Total, Constanta, TOTAL, Anul 2021, Numar, 227
Total, Covasna, TOTAL, Anul 1992, Numar, 361
Total, Covasna, TOTAL, Anul 1993, Numar, 381
Total, Covasna, TOTAL, Anul 1994, Numar, 377
Total, Covasna, TOTAL, Anul 1995, Numar, 381
Total, Covasna, TOTAL, Anul 1996, Numar, 380
Total, Covasna, TOTAL, Anul 1997, Numar, 379
Total, Covasna, TOTAL, Anul 1998, Numar, 376
Total, Covasna, TOTAL, Anul 1999, Numar, 354
Total, Covasna, TOTAL, Anul 2000, Numar, 341
Total, Covasna, TOTAL, Anul 2001, Numar, 345
Total, Covasna, TOTAL, Anul 2002, Numar, 343
Total, Covasna, TOTAL, Anul 2003, Numar, 343
Total, Covasna, TOTAL, Anul 2004, Numar, 119
Total, Covasna, TOTAL, Anul 2005, Numar, 119
Total, Covasna, TOTAL, Anul 2006, Numar, 115
Total, Covasna, TOTAL, Anul 2007, Numar, 84
Total, Covasna, TOTAL, Anul 2008, Numar, 85
Total, Covasna, TOTAL, Anul 2009, Numar, 83
Total, Covasna, TOTAL, Anul 2010, Numar, 85
Total, Covasna, TOTAL, Anul 2011, Numar, 82
Total, Covasna, TOTAL, Anul 2012, Numar, 80
Total, Covasna, TOTAL, Anul 2013, Numar, 82
Total, Covasna, TOTAL, Anul 2014, Numar, 81
Total, Covasna, TOTAL, Anul 2015, Numar, 81
Total, Covasna, TOTAL, Anul 2016, Numar, 81
Total, Covasna, TOTAL, Anul 2017, Numar, 81
Total, Covasna, TOTAL, Anul 2018, Numar, 81
Total, Covasna, TOTAL, Anul 2019, Numar, 80
Total, Covasna, TOTAL, Anul 2020, Numar, 79
Total, Covasna, TOTAL, Anul 2021, Numar, 79
Total, Dambovita, TOTAL, Anul 1992, Numar, 776
Total, Dambovita, TOTAL, Anul 1993, Numar, 779
Total, Dambovita, TOTAL, Anul 1994, Numar, 784
Total, Dambovita, TOTAL, Anul 1995, Numar, 785
Total, Dambovita, TOTAL, Anul 1996, Numar, 789
Total, Dambovita, TOTAL, Anul 1997, Numar, 783
Total, Dambovita, TOTAL, Anul 1998, Numar, 779
Total, Dambovita, TOTAL, Anul 1999, Numar, 743
Total, Dambovita, TOTAL, Anul 2000, Numar, 742
Total, Dambovita, TOTAL, Anul 2001, Numar, 734
Total, Dambovita, TOTAL, Anul 2002, Numar, 713
Total, Dambovita, TOTAL, Anul 2003, Numar, 697
Total, Dambovita, TOTAL, Anul 2004, Numar, 243
Total, Dambovita, TOTAL, Anul 2005, Numar, 254
Total, Dambovita, TOTAL, Anul 2006, Numar, 201
Total, Dambovita, TOTAL, Anul 2007, Numar, 200
Total, Dambovita, TOTAL, Anul 2008, Numar, 202
Total, Dambovita, TOTAL, Anul 2009, Numar, 207
Total, Dambovita, TOTAL, Anul 2010, Numar, 167
Total, Dambovita, TOTAL, Anul 2011, Numar, 156
Total, Dambovita, TOTAL, Anul 2012, Numar, 160
Total, Dambovita, TOTAL, Anul 2013, Numar, 160
Total, Dambovita, TOTAL, Anul 2014, Numar, 161
Total, Dambovita, TOTAL, Anul 2015, Numar, 161
Total, Dambovita, TOTAL, Anul 2016, Numar, 157
Total, Dambovita, TOTAL, Anul 2017, Numar, 154
Total, Dambovita, TOTAL, Anul 2018, Numar, 154
Total, Dambovita, TOTAL, Anul 2019, Numar, 156
Total, Dambovita, TOTAL, Anul 2020, Numar, 153
Total, Dambovita, TOTAL, Anul 2021, Numar, 153
Total, Dolj, TOTAL, Anul 1992, Numar, 819
Total, Dolj, TOTAL, Anul 1993, Numar, 832
Total, Dolj, TOTAL, Anul 1994, Numar, 851
Total, Dolj, TOTAL, Anul 1995, Numar, 857
Total, Dolj, TOTAL, Anul 1996, Numar, 875
Total, Dolj, TOTAL, Anul 1997, Numar, 874
Total, Dolj, TOTAL, Anul 1998, Numar, 876
Total, Dolj, TOTAL, Anul 1999, Numar, 809
Total, Dolj, TOTAL, Anul 2000, Numar, 632
Total, Dolj, TOTAL, Anul 2001, Numar, 562
Total, Dolj, TOTAL, Anul 2002, Numar, 566
Total, Dolj, TOTAL, Anul 2003, Numar, 423
Total, Dolj, TOTAL, Anul 2004, Numar, 412
Total, Dolj, TOTAL, Anul 2005, Numar, 253
Total, Dolj, TOTAL, Anul 2006, Numar, 249
Total, Dolj, TOTAL, Anul 2007, Numar, 249
Total, Dolj, TOTAL, Anul 2008, Numar, 249
Total, Dolj, TOTAL, Anul 2009, Numar, 245
Total, Dolj, TOTAL, Anul 2010, Numar, 210
Total, Dolj, TOTAL, Anul 2011, Numar, 199
Total, Dolj, TOTAL, Anul 2012, Numar, 203
Total, Dolj, TOTAL, Anul 2013, Numar, 208
Total, Dolj, TOTAL, Anul 2014, Numar, 211
Total, Dolj, TOTAL, Anul 2015, Numar, 209
Total, Dolj, TOTAL, Anul 2016, Numar, 210
Total, Dolj, TOTAL, Anul 2017, Numar, 211
Total, Dolj, TOTAL, Anul 2018, Numar, 214
Total, Dolj, TOTAL, Anul 2019, Numar, 216
Total, Dolj, TOTAL, Anul 2020, Numar, 214
Total, Dolj, TOTAL, Anul 2021, Numar, 216
Total, Galati, TOTAL, Anul 1992, Numar, 559
Total, Galati, TOTAL, Anul 1993, Numar, 580
Total, Galati, TOTAL, Anul 1994, Numar, 576
Total, Galati, TOTAL, Anul 1995, Numar, 562
Total, Galati, TOTAL, Anul 1996, Numar, 565
Total, Galati, TOTAL, Anul 1997, Numar, 567
Total, Galati, TOTAL, Anul 1998, Numar, 581
Total, Galati, TOTAL, Anul 1999, Numar, 541
Total, Galati, TOTAL, Anul 2000, Numar, 449
Total, Galati, TOTAL, Anul 2001, Numar, 445
Total, Galati, TOTAL, Anul 2002, Numar, 447
Total, Galati, TOTAL, Anul 2003, Numar, 276
Total, Galati, TOTAL, Anul 2004, Numar, 278
Total, Galati, TOTAL, Anul 2005, Numar, 259
Total, Galati, TOTAL, Anul 2006, Numar, 248
Total, Galati, TOTAL, Anul 2007, Numar, 249
Total, Galati, TOTAL, Anul 2008, Numar, 249
Total, Galati, TOTAL, Anul 2009, Numar, 250
Total, Galati, TOTAL, Anul 2010, Numar, 203
Total, Galati, TOTAL, Anul 2011, Numar, 199
Total, Galati, TOTAL, Anul 2012, Numar, 197
Total, Galati, TOTAL, Anul 2013, Numar, 197
Total, Galati, TOTAL, Anul 2014, Numar, 192
Total, Galati, TOTAL, Anul 2015, Numar, 192
Total, Galati, TOTAL, Anul 2016, Numar, 188
Total, Galati, TOTAL, Anul 2017, Numar, 186
Total, Galati, TOTAL, Anul 2018, Numar, 187
Total, Galati, TOTAL, Anul 2019, Numar, 187
Total, Galati, TOTAL, Anul 2020, Numar, 188
Total, Galati, TOTAL, Anul 2021, Numar, 188
Total, Giurgiu, TOTAL, Anul 1992, Numar, 377
Total, Giurgiu, TOTAL, Anul 1993, Numar, 384
Total, Giurgiu, TOTAL, Anul 1994, Numar, 381
Total, Giurgiu, TOTAL, Anul 1995, Numar, 390
Total, Giurgiu, TOTAL, Anul 1996, Numar, 394
Total, Giurgiu, TOTAL, Anul 1997, Numar, 382
Total, Giurgiu, TOTAL, Anul 1998, Numar, 386
Total, Giurgiu, TOTAL, Anul 1999, Numar, 374
Total, Giurgiu, TOTAL, Anul 2000, Numar, 222
Total, Giurgiu, TOTAL, Anul 2001, Numar, 221
Total, Giurgiu, TOTAL, Anul 2002, Numar, 219
Total, Giurgiu, TOTAL, Anul 2003, Numar, 134
Total, Giurgiu, TOTAL, Anul 2004, Numar, 129
Total, Giurgiu, TOTAL, Anul 2005, Numar, 107
Total, Giurgiu, TOTAL, Anul 2006, Numar, 109
Total, Giurgiu, TOTAL, Anul 2007, Numar, 107
Total, Giurgiu, TOTAL, Anul 2008, Numar, 107
Total, Giurgiu, TOTAL, Anul 2009, Numar, 107
Total, Giurgiu, TOTAL, Anul 2010, Numar, 109
Total, Giurgiu, TOTAL, Anul 2011, Numar, 86
Total, Giurgiu, TOTAL, Anul 2012, Numar, 85
Total, Giurgiu, TOTAL, Anul 2013, Numar, 85
Total, Giurgiu, TOTAL, Anul 2014, Numar, 85
Total, Giurgiu, TOTAL, Anul 2015, Numar, 88
Total, Giurgiu, TOTAL, Anul 2016, Numar, 90
Total, Giurgiu, TOTAL, Anul 2017, Numar, 87
Total, Giurgiu, TOTAL, Anul 2018, Numar, 87
Total, Giurgiu, TOTAL, Anul 2019, Numar, 87
Total, Giurgiu, TOTAL, Anul 2020, Numar, 87
Total, Giurgiu, TOTAL, Anul 2021, Numar, 86
Total, Gorj, TOTAL, Anul 1992, Numar, 848
Total, Gorj, TOTAL, Anul 1993, Numar, 857
Total, Gorj, TOTAL, Anul 1994, Numar, 848
Total, Gorj, TOTAL, Anul 1995, Numar, 851
Total, Gorj, TOTAL, Anul 1996, Numar, 847
Total, Gorj, TOTAL, Anul 1997, Numar, 830
Total, Gorj, TOTAL, Anul 1998, Numar, 854
Total, Gorj, TOTAL, Anul 1999, Numar, 809
Total, Gorj, TOTAL, Anul 2000, Numar, 785
Total, Gorj, TOTAL, Anul 2001, Numar, 780
Total, Gorj, TOTAL, Anul 2002, Numar, 525
Total, Gorj, TOTAL, Anul 2003, Numar, 219
Total, Gorj, TOTAL, Anul 2004, Numar, 218
Total, Gorj, TOTAL, Anul 2005, Numar, 185
Total, Gorj, TOTAL, Anul 2006, Numar, 175
Total, Gorj, TOTAL, Anul 2007, Numar, 119
Total, Gorj, TOTAL, Anul 2008, Numar, 120
Total, Gorj, TOTAL, Anul 2009, Numar, 116
Total, Gorj, TOTAL, Anul 2010, Numar, 110
Total, Gorj, TOTAL, Anul 2011, Numar, 110
Total, Gorj, TOTAL, Anul 2012, Numar, 116
Total, Gorj, TOTAL, Anul 2013, Numar, 116
Total, Gorj, TOTAL, Anul 2014, Numar, 120
Total, Gorj, TOTAL, Anul 2015, Numar, 120
Total, Gorj, TOTAL, Anul 2016, Numar, 117
Total, Gorj, TOTAL, Anul 2017, Numar, 117
Total, Gorj, TOTAL, Anul 2018, Numar, 117
Total, Gorj, TOTAL, Anul 2019, Numar, 116
Total, Gorj, TOTAL, Anul 2020, Numar, 116
Total, Gorj, TOTAL, Anul 2021, Numar, 116
Total, Harghita, TOTAL, Anul 1992, Numar, 583
Total, Harghita, TOTAL, Anul 1993, Numar, 599
Total, Harghita, TOTAL, Anul 1994, Numar, 609
Total, Harghita, TOTAL, Anul 1995, Numar, 606
Total, Harghita, TOTAL, Anul 1996, Numar, 647
Total, Harghita, TOTAL, Anul 1997, Numar, 644
Total, Harghita, TOTAL, Anul 1998, Numar, 644
Total, Harghita, TOTAL, Anul 1999, Numar, 608
Total, Harghita, TOTAL, Anul 2000, Numar, 598
Total, Harghita, TOTAL, Anul 2001, Numar, 588
Total, Harghita, TOTAL, Anul 2002, Numar, 583
Total, Harghita, TOTAL, Anul 2003, Numar, 569
Total, Harghita, TOTAL, Anul 2004, Numar, 557
Total, Harghita, TOTAL, Anul 2005, Numar, 160
Total, Harghita, TOTAL, Anul 2006, Numar, 159
Total, Harghita, TOTAL, Anul 2007, Numar, 162
Total, Harghita, TOTAL, Anul 2008, Numar, 163
Total, Harghita, TOTAL, Anul 2009, Numar, 164
Total, Harghita, TOTAL, Anul 2010, Numar, 158
Total, Harghita, TOTAL, Anul 2011, Numar, 152
Total, Harghita, TOTAL, Anul 2012, Numar, 150
Total, Harghita, TOTAL, Anul 2013, Numar, 131
Total, Harghita, TOTAL, Anul 2014, Numar, 130
Total, Harghita, TOTAL, Anul 2015, Numar, 132
Total, Harghita, TOTAL, Anul 2016, Numar, 129
Total, Harghita, TOTAL, Anul 2017, Numar, 128
Total, Harghita, TOTAL, Anul 2018, Numar, 128
Total, Harghita, TOTAL, Anul 2019, Numar, 129
Total, Harghita, TOTAL, Anul 2020, Numar, 130
Total, Harghita, TOTAL, Anul 2021, Numar, 130
Total, Hunedoara, TOTAL, Anul 1992, Numar, 742
Total, Hunedoara, TOTAL, Anul 1993, Numar, 753
Total, Hunedoara, TOTAL, Anul 1994, Numar, 754
Total, Hunedoara, TOTAL, Anul 1995, Numar, 766
Total, Hunedoara, TOTAL, Anul 1996, Numar, 779
Total, Hunedoara, TOTAL, Anul 1997, Numar, 758
Total, Hunedoara, TOTAL, Anul 1998, Numar, 773
Total, Hunedoara, TOTAL, Anul 1999, Numar, 687
Total, Hunedoara, TOTAL, Anul 2000, Numar, 478
Total, Hunedoara, TOTAL, Anul 2001, Numar, 470
Total, Hunedoara, TOTAL, Anul 2002, Numar, 460
Total, Hunedoara, TOTAL, Anul 2003, Numar, 207
Total, Hunedoara, TOTAL, Anul 2004, Numar, 212
Total, Hunedoara, TOTAL, Anul 2005, Numar, 210
Total, Hunedoara, TOTAL, Anul 2006, Numar, 178
Total, Hunedoara, TOTAL, Anul 2007, Numar, 176
Total, Hunedoara, TOTAL, Anul 2008, Numar, 173
Total, Hunedoara, TOTAL, Anul 2009, Numar, 169
Total, Hunedoara, TOTAL, Anul 2010, Numar, 111
Total, Hunedoara, TOTAL, Anul 2011, Numar, 111
Total, Hunedoara, TOTAL, Anul 2012, Numar, 112
Total, Hunedoara, TOTAL, Anul 2013, Numar, 120
Total, Hunedoara, TOTAL, Anul 2014, Numar, 115
Total, Hunedoara, TOTAL, Anul 2015, Numar, 113
Total, Hunedoara, TOTAL, Anul 2016, Numar, 113
Total, Hunedoara, TOTAL, Anul 2017, Numar, 112
Total, Hunedoara, TOTAL, Anul 2018, Numar, 111
Total, Hunedoara, TOTAL, Anul 2019, Numar, 111
Total, Hunedoara, TOTAL, Anul 2020, Numar, 111
Total, Hunedoara, TOTAL, Anul 2021, Numar, 111
Total, Ialomita, TOTAL, Anul 1992, Numar, 341
Total, Ialomita, TOTAL, Anul 1993, Numar, 332
Total, Ialomita, TOTAL, Anul 1994, Numar, 336
Total, Ialomita, TOTAL, Anul 1995, Numar, 336
Total, Ialomita, TOTAL, Anul 1996, Numar, 330
Total, Ialomita, TOTAL, Anul 1997, Numar, 327
Total, Ialomita, TOTAL, Anul 1998, Numar, 324
Total, Ialomita, TOTAL, Anul 1999, Numar, 304
Total, Ialomita, TOTAL, Anul 2000, Numar, 265
Total, Ialomita, TOTAL, Anul 2001, Numar, 262
Total, Ialomita, TOTAL, Anul 2002, Numar, 244
Total, Ialomita, TOTAL, Anul 2003, Numar, 151
Total, Ialomita, TOTAL, Anul 2004, Numar, 118
Total, Ialomita, TOTAL, Anul 2005, Numar, 118
Total, Ialomita, TOTAL, Anul 2006, Numar, 115
Total, Ialomita, TOTAL, Anul 2007, Numar, 115
Total, Ialomita, TOTAL, Anul 2008, Numar, 114
Total, Ialomita, TOTAL, Anul 2009, Numar, 125
Total, Ialomita, TOTAL, Anul 2010, Numar, 127
Total, Ialomita, TOTAL, Anul 2011, Numar, 123
Total, Ialomita, TOTAL, Anul 2012, Numar, 92
Total, Ialomita, TOTAL, Anul 2013, Numar, 95
Total, Ialomita, TOTAL, Anul 2014, Numar, 98
Total, Ialomita, TOTAL, Anul 2015, Numar, 98
Total, Ialomita, TOTAL, Anul 2016, Numar, 95
Total, Ialomita, TOTAL, Anul 2017, Numar, 93
Total, Ialomita, TOTAL, Anul 2018, Numar, 91
Total, Ialomita, TOTAL, Anul 2019, Numar, 90
Total, Ialomita, TOTAL, Anul 2020, Numar, 91
Total, Ialomita, TOTAL, Anul 2021, Numar, 92
Total, Iasi, TOTAL, Anul 1992, Numar, 1051
Total, Iasi, TOTAL, Anul 1993, Numar, 1060
Total, Iasi, TOTAL, Anul 1994, Numar, 1050
Total, Iasi, TOTAL, Anul 1995, Numar, 1075
Total, Iasi, TOTAL, Anul 1996, Numar, 1078
Total, Iasi, TOTAL, Anul 1997, Numar, 998
Total, Iasi, TOTAL, Anul 1998, Numar, 1051
Total, Iasi, TOTAL, Anul 1999, Numar, 1021
Total, Iasi, TOTAL, Anul 2000, Numar, 1002
Total, Iasi, TOTAL, Anul 2001, Numar, 1011
Total, Iasi, TOTAL, Anul 2002, Numar, 1000
Total, Iasi, TOTAL, Anul 2003, Numar, 997
Total, Iasi, TOTAL, Anul 2004, Numar, 365
Total, Iasi, TOTAL, Anul 2005, Numar, 362
Total, Iasi, TOTAL, Anul 2006, Numar, 362
Total, Iasi, TOTAL, Anul 2007, Numar, 362
Total, Iasi, TOTAL, Anul 2008, Numar, 366
Total, Iasi, TOTAL, Anul 2009, Numar, 353
Total, Iasi, TOTAL, Anul 2010, Numar, 316
Total, Iasi, TOTAL, Anul 2011, Numar, 292
Total, Iasi, TOTAL, Anul 2012, Numar, 248
Total, Iasi, TOTAL, Anul 2013, Numar, 266
Total, Iasi, TOTAL, Anul 2014, Numar, 273
Total, Iasi, TOTAL, Anul 2015, Numar, 269
Total, Iasi, TOTAL, Anul 2016, Numar, 262
Total, Iasi, TOTAL, Anul 2017, Numar, 264
Total, Iasi, TOTAL, Anul 2018, Numar, 261
Total, Iasi, TOTAL, Anul 2019, Numar, 261
Total, Iasi, TOTAL, Anul 2020, Numar, 260
Total, Iasi, TOTAL, Anul 2021, Numar, 262
Total, Ilfov, TOTAL, Anul 1992, Numar, 266
Total, Ilfov, TOTAL, Anul 1993, Numar, 251
Total, Ilfov, TOTAL, Anul 1994, Numar, 264
Total, Ilfov, TOTAL, Anul 1995, Numar, 265
Total, Ilfov, TOTAL, Anul 1996, Numar, 264
Total, Ilfov, TOTAL, Anul 1997, Numar, 267
Total, Ilfov, TOTAL, Anul 1998, Numar, 264
Total, Ilfov, TOTAL, Anul 1999, Numar, 261
Total, Ilfov, TOTAL, Anul 2000, Numar, 241
Total, Ilfov, TOTAL, Anul 2001, Numar, 246
Total, Ilfov, TOTAL, Anul 2002, Numar, 242
Total, Ilfov, TOTAL, Anul 2003, Numar, 128
Total, Ilfov, TOTAL, Anul 2004, Numar, 125
Total, Ilfov, TOTAL, Anul 2005, Numar, 103
Total, Ilfov, TOTAL, Anul 2006, Numar, 102
Total, Ilfov, TOTAL, Anul 2007, Numar, 105
Total, Ilfov, TOTAL, Anul 2008, Numar, 103
Total, Ilfov, TOTAL, Anul 2009, Numar, 97
Total, Ilfov, TOTAL, Anul 2010, Numar, 91
Total, Ilfov, TOTAL, Anul 2011, Numar, 77
Total, Ilfov, TOTAL, Anul 2012, Numar, 83
Total, Ilfov, TOTAL, Anul 2013, Numar, 119
Total, Ilfov, TOTAL, Anul 2014, Numar, 129
Total, Ilfov, TOTAL, Anul 2015, Numar, 128
Total, Ilfov, TOTAL, Anul 2016, Numar, 132
Total, Ilfov, TOTAL, Anul 2017, Numar, 137
Total, Ilfov, TOTAL, Anul 2018, Numar, 132
Total, Ilfov, TOTAL, Anul 2019, Numar, 132
Total, Ilfov, TOTAL, Anul 2020, Numar, 132
Total, Ilfov, TOTAL, Anul 2021, Numar, 136
Total, Maramures, TOTAL, Anul 1992, Numar, 708
Total, Maramures, TOTAL, Anul 1993, Numar, 703
Total, Maramures, TOTAL, Anul 1994, Numar, 676
Total, Maramures, TOTAL, Anul 1995, Numar, 670
Total, Maramures, TOTAL, Anul 1996, Numar, 662
Total, Maramures, TOTAL, Anul 1997, Numar, 659
Total, Maramures, TOTAL, Anul 1998, Numar, 665
Total, Maramures, TOTAL, Anul 1999, Numar, 623
Total, Maramures, TOTAL, Anul 2000, Numar, 366
Total, Maramures, TOTAL, Anul 2001, Numar, 365
Total, Maramures, TOTAL, Anul 2002, Numar, 369
Total, Maramures, TOTAL, Anul 2003, Numar, 291
Total, Maramures, TOTAL, Anul 2004, Numar, 291
Total, Maramures, TOTAL, Anul 2005, Numar, 291
Total, Maramures, TOTAL, Anul 2006, Numar, 195
Total, Maramures, TOTAL, Anul 2007, Numar, 199
Total, Maramures, TOTAL, Anul 2008, Numar, 200
Total, Maramures, TOTAL, Anul 2009, Numar, 205
Total, Maramures, TOTAL, Anul 2010, Numar, 185
Total, Maramures, TOTAL, Anul 2011, Numar, 177
Total, Maramures, TOTAL, Anul 2012, Numar, 183
Total, Maramures, TOTAL, Anul 2013, Numar, 191
Total, Maramures, TOTAL, Anul 2014, Numar, 191
Total, Maramures, TOTAL, Anul 2015, Numar, 185
Total, Maramures, TOTAL, Anul 2016, Numar, 189
Total, Maramures, TOTAL, Anul 2017, Numar, 191
Total, Maramures, TOTAL, Anul 2018, Numar, 187
Total, Maramures, TOTAL, Anul 2019, Numar, 187
Total, Maramures, TOTAL, Anul 2020, Numar, 182
Total, Maramures, TOTAL, Anul 2021, Numar, 183
Total, Mehedinti, TOTAL, Anul 1992, Numar, 572
Total, Mehedinti, TOTAL, Anul 1993, Numar, 572
Total, Mehedinti, TOTAL, Anul 1994, Numar, 566
Total, Mehedinti, TOTAL, Anul 1995, Numar, 572
Total, Mehedinti, TOTAL, Anul 1996, Numar, 570
Total, Mehedinti, TOTAL, Anul 1997, Numar, 563
Total, Mehedinti, TOTAL, Anul 1998, Numar, 564
Total, Mehedinti, TOTAL, Anul 1999, Numar, 548
Total, Mehedinti, TOTAL, Anul 2000, Numar, 460
Total, Mehedinti, TOTAL, Anul 2001, Numar, 384
Total, Mehedinti, TOTAL, Anul 2002, Numar, 375
Total, Mehedinti, TOTAL, Anul 2003, Numar, 180
Total, Mehedinti, TOTAL, Anul 2004, Numar, 136
Total, Mehedinti, TOTAL, Anul 2005, Numar, 116
Total, Mehedinti, TOTAL, Anul 2006, Numar, 118
Total, Mehedinti, TOTAL, Anul 2007, Numar, 115
Total, Mehedinti, TOTAL, Anul 2008, Numar, 116
Total, Mehedinti, TOTAL, Anul 2009, Numar, 118
Total, Mehedinti, TOTAL, Anul 2010, Numar, 116
Total, Mehedinti, TOTAL, Anul 2011, Numar, 110
Total, Mehedinti, TOTAL, Anul 2012, Numar, 108
Total, Mehedinti, TOTAL, Anul 2013, Numar, 109
Total, Mehedinti, TOTAL, Anul 2014, Numar, 110
Total, Mehedinti, TOTAL, Anul 2015, Numar, 109
Total, Mehedinti, TOTAL, Anul 2016, Numar, 107
Total, Mehedinti, TOTAL, Anul 2017, Numar, 107
Total, Mehedinti, TOTAL, Anul 2018, Numar, 107
Total, Mehedinti, TOTAL, Anul 2019, Numar, 107
Total, Mehedinti, TOTAL, Anul 2020, Numar, 106
Total, Mehedinti, TOTAL, Anul 2021, Numar, 105
Total, Mures, TOTAL, Anul 1992, Numar, 917
Total, Mures, TOTAL, Anul 1993, Numar, 928
Total, Mures, TOTAL, Anul 1994, Numar, 928
Total, Mures, TOTAL, Anul 1995, Numar, 940
Total, Mures, TOTAL, Anul 1996, Numar, 956
Total, Mures, TOTAL, Anul 1997, Numar, 950
Total, Mures, TOTAL, Anul 1998, Numar, 956
Total, Mures, TOTAL, Anul 1999, Numar, 902
Total, Mures, TOTAL, Anul 2000, Numar, 899
Total, Mures, TOTAL, Anul 2001, Numar, 899
Total, Mures, TOTAL, Anul 2002, Numar, 892
Total, Mures, TOTAL, Anul 2003, Numar, 896
Total, Mures, TOTAL, Anul 2004, Numar, 700
Total, Mures, TOTAL, Anul 2005, Numar, 698
Total, Mures, TOTAL, Anul 2006, Numar, 308
Total, Mures, TOTAL, Anul 2007, Numar, 262
Total, Mures, TOTAL, Anul 2008, Numar, 263
Total, Mures, TOTAL, Anul 2009, Numar, 266
Total, Mures, TOTAL, Anul 2010, Numar, 255
Total, Mures, TOTAL, Anul 2011, Numar, 222
Total, Mures, TOTAL, Anul 2012, Numar, 214
Total, Mures, TOTAL, Anul 2013, Numar, 193
Total, Mures, TOTAL, Anul 2014, Numar, 189
Total, Mures, TOTAL, Anul 2015, Numar, 189
Total, Mures, TOTAL, Anul 2016, Numar, 185
Total, Mures, TOTAL, Anul 2017, Numar, 187
Total, Mures, TOTAL, Anul 2018, Numar, 186
Total, Mures, TOTAL, Anul 2019, Numar, 188
Total, Mures, TOTAL, Anul 2020, Numar, 187
Total, Mures, TOTAL, Anul 2021, Numar, 189
Total, Neamt, TOTAL, Anul 1992, Numar, 796
Total, Neamt, TOTAL, Anul 1993, Numar, 807
Total, Neamt, TOTAL, Anul 1994, Numar, 828
Total, Neamt, TOTAL, Anul 1995, Numar, 833
Total, Neamt, TOTAL, Anul 1996, Numar, 838
Total, Neamt, TOTAL, Anul 1997, Numar, 755
Total, Neamt, TOTAL, Anul 1998, Numar, 812
Total, Neamt, TOTAL, Anul 1999, Numar, 773
Total, Neamt, TOTAL, Anul 2000, Numar, 495
Total, Neamt, TOTAL, Anul 2001, Numar, 481
Total, Neamt, TOTAL, Anul 2002, Numar, 428
Total, Neamt, TOTAL, Anul 2003, Numar, 249
Total, Neamt, TOTAL, Anul 2004, Numar, 250
Total, Neamt, TOTAL, Anul 2005, Numar, 231
Total, Neamt, TOTAL, Anul 2006, Numar, 167
Total, Neamt, TOTAL, Anul 2007, Numar, 164
Total, Neamt, TOTAL, Anul 2008, Numar, 164
Total, Neamt, TOTAL, Anul 2009, Numar, 179
Total, Neamt, TOTAL, Anul 2010, Numar, 172
Total, Neamt, TOTAL, Anul 2011, Numar, 157
Total, Neamt, TOTAL, Anul 2012, Numar, 153
Total, Neamt, TOTAL, Anul 2013, Numar, 149
Total, Neamt, TOTAL, Anul 2014, Numar, 148
Total, Neamt, TOTAL, Anul 2015, Numar, 147
Total, Neamt, TOTAL, Anul 2016, Numar, 144
Total, Neamt, TOTAL, Anul 2017, Numar, 138
Total, Neamt, TOTAL, Anul 2018, Numar, 138
Total, Neamt, TOTAL, Anul 2019, Numar, 138
Total, Neamt, TOTAL, Anul 2020, Numar, 140
Total, Neamt, TOTAL, Anul 2021, Numar, 143
Total, Olt, TOTAL, Anul 1992, Numar, 764
Total, Olt, TOTAL, Anul 1993, Numar, 766
Total, Olt, TOTAL, Anul 1994, Numar, 777
Total, Olt, TOTAL, Anul 1995, Numar, 781
Total, Olt, TOTAL, Anul 1996, Numar, 785
Total, Olt, TOTAL, Anul 1997, Numar, 759
Total, Olt, TOTAL, Anul 1998, Numar, 761
Total, Olt, TOTAL, Anul 1999, Numar, 646
Total, Olt, TOTAL, Anul 2000, Numar, 549
Total, Olt, TOTAL, Anul 2001, Numar, 560
Total, Olt, TOTAL, Anul 2002, Numar, 557
Total, Olt, TOTAL, Anul 2003, Numar, 465
Total, Olt, TOTAL, Anul 2004, Numar, 442
Total, Olt, TOTAL, Anul 2005, Numar, 480
Total, Olt, TOTAL, Anul 2006, Numar, 176
Total, Olt, TOTAL, Anul 2007, Numar, 185
Total, Olt, TOTAL, Anul 2008, Numar, 189
Total, Olt, TOTAL, Anul 2009, Numar, 187
Total, Olt, TOTAL, Anul 2010, Numar, 187
Total, Olt, TOTAL, Anul 2011, Numar, 176
Total, Olt, TOTAL, Anul 2012, Numar, 176
Total, Olt, TOTAL, Anul 2013, Numar, 175
Total, Olt, TOTAL, Anul 2014, Numar, 167
Total, Olt, TOTAL, Anul 2015, Numar, 165
Total, Olt, TOTAL, Anul 2016, Numar, 165
Total, Olt, TOTAL, Anul 2017, Numar, 163
Total, Olt, TOTAL, Anul 2018, Numar, 162
Total, Olt, TOTAL, Anul 2019, Numar, 161
Total, Olt, TOTAL, Anul 2020, Numar, 161
Total, Olt, TOTAL, Anul 2021, Numar, 162
Total, Prahova, TOTAL, Anul 1992, Numar, 942
Total, Prahova, TOTAL, Anul 1993, Numar, 943
Total, Prahova, TOTAL, Anul 1994, Numar, 941
Total, Prahova, TOTAL, Anul 1995, Numar, 937
Total, Prahova, TOTAL, Anul 1996, Numar, 925
Total, Prahova, TOTAL, Anul 1997, Numar, 913
Total, Prahova, TOTAL, Anul 1998, Numar, 896
Total, Prahova, TOTAL, Anul 1999, Numar, 833
Total, Prahova, TOTAL, Anul 2000, Numar, 834
Total, Prahova, TOTAL, Anul 2001, Numar, 834
Total, Prahova, TOTAL, Anul 2002, Numar, 817
Total, Prahova, TOTAL, Anul 2003, Numar, 810
Total, Prahova, TOTAL, Anul 2004, Numar, 691
Total, Prahova, TOTAL, Anul 2005, Numar, 685
Total, Prahova, TOTAL, Anul 2006, Numar, 345
Total, Prahova, TOTAL, Anul 2007, Numar, 298
Total, Prahova, TOTAL, Anul 2008, Numar, 297
Total, Prahova, TOTAL, Anul 2009, Numar, 292
Total, Prahova, TOTAL, Anul 2010, Numar, 279
Total, Prahova, TOTAL, Anul 2011, Numar, 240
Total, Prahova, TOTAL, Anul 2012, Numar, 241
Total, Prahova, TOTAL, Anul 2013, Numar, 240
Total, Prahova, TOTAL, Anul 2014, Numar, 238
Total, Prahova, TOTAL, Anul 2015, Numar, 239
Total, Prahova, TOTAL, Anul 2016, Numar, 237
Total, Prahova, TOTAL, Anul 2017, Numar, 236
Total, Prahova, TOTAL, Anul 2018, Numar, 234
Total, Prahova, TOTAL, Anul 2019, Numar, 232
Total, Prahova, TOTAL, Anul 2020, Numar, 236
Total, Prahova, TOTAL, Anul 2021, Numar, 235
Total, Satu Mare, TOTAL, Anul 1992, Numar, 605
Total, Satu Mare, TOTAL, Anul 1993, Numar, 605
Total, Satu Mare, TOTAL, Anul 1994, Numar, 606
Total, Satu Mare, TOTAL, Anul 1995, Numar, 604
Total, Satu Mare, TOTAL, Anul 1996, Numar, 622
Total, Satu Mare, TOTAL, Anul 1997, Numar, 590
Total, Satu Mare, TOTAL, Anul 1998, Numar, 605
Total, Satu Mare, TOTAL, Anul 1999, Numar, 562
Total, Satu Mare, TOTAL, Anul 2000, Numar, 512
Total, Satu Mare, TOTAL, Anul 2001, Numar, 517
Total, Satu Mare, TOTAL, Anul 2002, Numar, 501
Total, Satu Mare, TOTAL, Anul 2003, Numar, 505
Total, Satu Mare, TOTAL, Anul 2004, Numar, 241
Total, Satu Mare, TOTAL, Anul 2005, Numar, 149
Total, Satu Mare, TOTAL, Anul 2006, Numar, 145
Total, Satu Mare, TOTAL, Anul 2007, Numar, 145
Total, Satu Mare, TOTAL, Anul 2008, Numar, 147
Total, Satu Mare, TOTAL, Anul 2009, Numar, 154
Total, Satu Mare, TOTAL, Anul 2010, Numar, 141
Total, Satu Mare, TOTAL, Anul 2011, Numar, 142
Total, Satu Mare, TOTAL, Anul 2012, Numar, 139
Total, Satu Mare, TOTAL, Anul 2013, Numar, 140
Total, Satu Mare, TOTAL, Anul 2014, Numar, 143
Total, Satu Mare, TOTAL, Anul 2015, Numar, 144
Total, Satu Mare, TOTAL, Anul 2016, Numar, 139
Total, Satu Mare, TOTAL, Anul 2017, Numar, 136
Total, Satu Mare, TOTAL, Anul 2018, Numar, 133
Total, Satu Mare, TOTAL, Anul 2019, Numar, 131
Total, Satu Mare, TOTAL, Anul 2020, Numar, 131
Total, Satu Mare, TOTAL, Anul 2021, Numar, 130
Total, Salaj, TOTAL, Anul 1992, Numar, 521
Total, Salaj, TOTAL, Anul 1993, Numar, 526
Total, Salaj, TOTAL, Anul 1994, Numar, 537
Total, Salaj, TOTAL, Anul 1995, Numar, 534
Total, Salaj, TOTAL, Anul 1996, Numar, 538
Total, Salaj, TOTAL, Anul 1997, Numar, 527
Total, Salaj, TOTAL, Anul 1998, Numar, 540
Total, Salaj, TOTAL, Anul 1999, Numar, 512
Total, Salaj, TOTAL, Anul 2000, Numar, 506
Total, Salaj, TOTAL, Anul 2001, Numar, 512
Total, Salaj, TOTAL, Anul 2002, Numar, 508
Total, Salaj, TOTAL, Anul 2003, Numar, 161
Total, Salaj, TOTAL, Anul 2004, Numar, 160
Total, Salaj, TOTAL, Anul 2005, Numar, 153
Total, Salaj, TOTAL, Anul 2006, Numar, 153
Total, Salaj, TOTAL, Anul 2007, Numar, 131
Total, Salaj, TOTAL, Anul 2008, Numar, 135
Total, Salaj, TOTAL, Anul 2009, Numar, 133
Total, Salaj, TOTAL, Anul 2010, Numar, 119
Total, Salaj, TOTAL, Anul 2011, Numar, 109
Total, Salaj, TOTAL, Anul 2012, Numar, 97
Total, Salaj, TOTAL, Anul 2013, Numar, 113
Total, Salaj, TOTAL, Anul 2014, Numar, 113
Total, Salaj, TOTAL, Anul 2015, Numar, 113
Total, Salaj, TOTAL, Anul 2016, Numar, 114
Total, Salaj, TOTAL, Anul 2017, Numar, 111
Total, Salaj, TOTAL, Anul 2018, Numar, 111
Total, Salaj, TOTAL, Anul 2019, Numar, 111
Total, Salaj, TOTAL, Anul 2020, Numar, 111
Total, Salaj, TOTAL, Anul 2021, Numar, 110
Total, Sibiu, TOTAL, Anul 1992, Numar, 544
Total, Sibiu, TOTAL, Anul 1993, Numar, 537
Total, Sibiu, TOTAL, Anul 1994, Numar, 539
Total, Sibiu, TOTAL, Anul 1995, Numar, 545
Total, Sibiu, TOTAL, Anul 1996, Numar, 551
Total, Sibiu, TOTAL, Anul 1997, Numar, 535
Total, Sibiu, TOTAL, Anul 1998, Numar, 536
Total, Sibiu, TOTAL, Anul 1999, Numar, 472
Total, Sibiu, TOTAL, Anul 2000, Numar, 466
Total, Sibiu, TOTAL, Anul 2001, Numar, 471
Total, Sibiu, TOTAL, Anul 2002, Numar, 469
Total, Sibiu, TOTAL, Anul 2003, Numar, 249
Total, Sibiu, TOTAL, Anul 2004, Numar, 251
Total, Sibiu, TOTAL, Anul 2005, Numar, 188
Total, Sibiu, TOTAL, Anul 2006, Numar, 187
Total, Sibiu, TOTAL, Anul 2007, Numar, 190
Total, Sibiu, TOTAL, Anul 2008, Numar, 182
Total, Sibiu, TOTAL, Anul 2009, Numar, 190
Total, Sibiu, TOTAL, Anul 2010, Numar, 176
Total, Sibiu, TOTAL, Anul 2011, Numar, 172
Total, Sibiu, TOTAL, Anul 2012, Numar, 180
Total, Sibiu, TOTAL, Anul 2013, Numar, 178
Total, Sibiu, TOTAL, Anul 2014, Numar, 179
Total, Sibiu, TOTAL, Anul 2015, Numar, 179
Total, Sibiu, TOTAL, Anul 2016, Numar, 177
Total, Sibiu, TOTAL, Anul 2017, Numar, 178
Total, Sibiu, TOTAL, Anul 2018, Numar, 180
Total, Sibiu, TOTAL, Anul 2019, Numar, 179
Total, Sibiu, TOTAL, Anul 2020, Numar, 176
Total, Sibiu, TOTAL, Anul 2021, Numar, 173
Total, Suceava, TOTAL, Anul 1992, Numar, 1038
Total, Suceava, TOTAL, Anul 1993, Numar, 1035
Total, Suceava, TOTAL, Anul 1994, Numar, 1036
Total, Suceava, TOTAL, Anul 1995, Numar, 1051
Total, Suceava, TOTAL, Anul 1996, Numar, 1044
Total, Suceava, TOTAL, Anul 1997, Numar, 1047
Total, Suceava, TOTAL, Anul 1998, Numar, 1054
Total, Suceava, TOTAL, Anul 1999, Numar, 991
Total, Suceava, TOTAL, Anul 2000, Numar, 490
Total, Suceava, TOTAL, Anul 2001, Numar, 485
Total, Suceava, TOTAL, Anul 2002, Numar, 491
Total, Suceava, TOTAL, Anul 2003, Numar, 365
Total, Suceava, TOTAL, Anul 2004, Numar, 365
Total, Suceava, TOTAL, Anul 2005, Numar, 240
Total, Suceava, TOTAL, Anul 2006, Numar, 232
Total, Suceava, TOTAL, Anul 2007, Numar, 237
Total, Suceava, TOTAL, Anul 2008, Numar, 236
Total, Suceava, TOTAL, Anul 2009, Numar, 238
Total, Suceava, TOTAL, Anul 2010, Numar, 234
Total, Suceava, TOTAL, Anul 2011, Numar, 225
Total, Suceava, TOTAL, Anul 2012, Numar, 228
Total, Suceava, TOTAL, Anul 2013, Numar, 232
Total, Suceava, TOTAL, Anul 2014, Numar, 240
Total, Suceava, TOTAL, Anul 2015, Numar, 235
Total, Suceava, TOTAL, Anul 2016, Numar, 229
Total, Suceava, TOTAL, Anul 2017, Numar, 226
Total, Suceava, TOTAL, Anul 2018, Numar, 225
Total, Suceava, TOTAL, Anul 2019, Numar, 223
Total, Suceava, TOTAL, Anul 2020, Numar, 224
Total, Suceava, TOTAL, Anul 2021, Numar, 223
Total, Teleorman, TOTAL, Anul 1992, Numar, 563
Total, Teleorman, TOTAL, Anul 1993, Numar, 554
Total, Teleorman, TOTAL, Anul 1994, Numar, 550
Total, Teleorman, TOTAL, Anul 1995, Numar, 543
Total, Teleorman, TOTAL, Anul 1996, Numar, 550
Total, Teleorman, TOTAL, Anul 1997, Numar, 547
Total, Teleorman, TOTAL, Anul 1998, Numar, 549
Total, Teleorman, TOTAL, Anul 1999, Numar, 531
Total, Teleorman, TOTAL, Anul 2000, Numar, 524
Total, Teleorman, TOTAL, Anul 2001, Numar, 527
Total, Teleorman, TOTAL, Anul 2002, Numar, 525
Total, Teleorman, TOTAL, Anul 2003, Numar, 525
Total, Teleorman, TOTAL, Anul 2004, Numar, 245
Total, Teleorman, TOTAL, Anul 2005, Numar, 247
Total, Teleorman, TOTAL, Anul 2006, Numar, 209
Total, Teleorman, TOTAL, Anul 2007, Numar, 195
Total, Teleorman, TOTAL, Anul 2008, Numar, 192
Total, Teleorman, TOTAL, Anul 2009, Numar, 191
Total, Teleorman, TOTAL, Anul 2010, Numar, 150
Total, Teleorman, TOTAL, Anul 2011, Numar, 150
Total, Teleorman, TOTAL, Anul 2012, Numar, 147
Total, Teleorman, TOTAL, Anul 2013, Numar, 149
Total, Teleorman, TOTAL, Anul 2014, Numar, 148
Total, Teleorman, TOTAL, Anul 2015, Numar, 148
Total, Teleorman, TOTAL, Anul 2016, Numar, 144
Total, Teleorman, TOTAL, Anul 2017, Numar, 141
Total, Teleorman, TOTAL, Anul 2018, Numar, 140
Total, Teleorman, TOTAL, Anul 2019, Numar, 139
Total, Teleorman, TOTAL, Anul 2020, Numar, 140
Total, Teleorman, TOTAL, Anul 2021, Numar, 139
Total, Timis, TOTAL, Anul 1992, Numar, 836
Total, Timis, TOTAL, Anul 1993, Numar, 827
Total, Timis, TOTAL, Anul 1994, Numar, 818
Total, Timis, TOTAL, Anul 1995, Numar, 824
Total, Timis, TOTAL, Anul 1996, Numar, 825
Total, Timis, TOTAL, Anul 1997, Numar, 802
Total, Timis, TOTAL, Anul 1998, Numar, 821
Total, Timis, TOTAL, Anul 1999, Numar, 775
Total, Timis, TOTAL, Anul 2000, Numar, 732
Total, Timis, TOTAL, Anul 2001, Numar, 756
Total, Timis, TOTAL, Anul 2002, Numar, 748
Total, Timis, TOTAL, Anul 2003, Numar, 603
Total, Timis, TOTAL, Anul 2004, Numar, 601
Total, Timis, TOTAL, Anul 2005, Numar, 591
Total, Timis, TOTAL, Anul 2006, Numar, 297
Total, Timis, TOTAL, Anul 2007, Numar, 279
Total, Timis, TOTAL, Anul 2008, Numar, 284
Total, Timis, TOTAL, Anul 2009, Numar, 285
Total, Timis, TOTAL, Anul 2010, Numar, 270
Total, Timis, TOTAL, Anul 2011, Numar, 266
Total, Timis, TOTAL, Anul 2012, Numar, 254
Total, Timis, TOTAL, Anul 2013, Numar, 223
Total, Timis, TOTAL, Anul 2014, Numar, 223
Total, Timis, TOTAL, Anul 2015, Numar, 226
Total, Timis, TOTAL, Anul 2016, Numar, 226
Total, Timis, TOTAL, Anul 2017, Numar, 231
Total, Timis, TOTAL, Anul 2018, Numar, 242
Total, Timis, TOTAL, Anul 2019, Numar, 241
Total, Timis, TOTAL, Anul 2020, Numar, 238
Total, Timis, TOTAL, Anul 2021, Numar, 240
Total, Tulcea, TOTAL, Anul 1992, Numar, 300
Total, Tulcea, TOTAL, Anul 1993, Numar, 314
Total, Tulcea, TOTAL, Anul 1994, Numar, 315
Total, Tulcea, TOTAL, Anul 1995, Numar, 321
Total, Tulcea, TOTAL, Anul 1996, Numar, 321
Total, Tulcea, TOTAL, Anul 1997, Numar, 314
Total, Tulcea, TOTAL, Anul 1998, Numar, 317
Total, Tulcea, TOTAL, Anul 1999, Numar, 302
Total, Tulcea, TOTAL, Anul 2000, Numar, 302
Total, Tulcea, TOTAL, Anul 2001, Numar, 298
Total, Tulcea, TOTAL, Anul 2002, Numar, 172
Total, Tulcea, TOTAL, Anul 2003, Numar, 170
Total, Tulcea, TOTAL, Anul 2004, Numar, 159
Total, Tulcea, TOTAL, Anul 2005, Numar, 157
Total, Tulcea, TOTAL, Anul 2006, Numar, 76
Total, Tulcea, TOTAL, Anul 2007, Numar, 89
Total, Tulcea, TOTAL, Anul 2008, Numar, 88
Total, Tulcea, TOTAL, Anul 2009, Numar, 83
Total, Tulcea, TOTAL, Anul 2010, Numar, 71
Total, Tulcea, TOTAL, Anul 2011, Numar, 81
Total, Tulcea, TOTAL, Anul 2012, Numar, 81
Total, Tulcea, TOTAL, Anul 2013, Numar, 81
Total, Tulcea, TOTAL, Anul 2014, Numar, 82
Total, Tulcea, TOTAL, Anul 2015, Numar, 83
Total, Tulcea, TOTAL, Anul 2016, Numar, 82
Total, Tulcea, TOTAL, Anul 2017, Numar, 80
Total, Tulcea, TOTAL, Anul 2018, Numar, 81
Total, Tulcea, TOTAL, Anul 2019, Numar, 81
Total, Tulcea, TOTAL, Anul 2020, Numar, 80
Total, Tulcea, TOTAL, Anul 2021, Numar, 80
Total, Vaslui, TOTAL, Anul 1992, Numar, 804
Total, Vaslui, TOTAL, Anul 1993, Numar, 817
Total, Vaslui, TOTAL, Anul 1994, Numar, 810
Total, Vaslui, TOTAL, Anul 1995, Numar, 846
Total, Vaslui, TOTAL, Anul 1996, Numar, 856
Total, Vaslui, TOTAL, Anul 1997, Numar, 778
Total, Vaslui, TOTAL, Anul 1998, Numar, 836
Total, Vaslui, TOTAL, Anul 1999, Numar, 839
Total, Vaslui, TOTAL, Anul 2000, Numar, 818
Total, Vaslui, TOTAL, Anul 2001, Numar, 824
Total, Vaslui, TOTAL, Anul 2002, Numar, 833
Total, Vaslui, TOTAL, Anul 2003, Numar, 694
Total, Vaslui, TOTAL, Anul 2004, Numar, 599
Total, Vaslui, TOTAL, Anul 2005, Numar, 168
Total, Vaslui, TOTAL, Anul 2006, Numar, 118
Total, Vaslui, TOTAL, Anul 2007, Numar, 119
Total, Vaslui, TOTAL, Anul 2008, Numar, 120
Total, Vaslui, TOTAL, Anul 2009, Numar, 158
Total, Vaslui, TOTAL, Anul 2010, Numar, 159
Total, Vaslui, TOTAL, Anul 2011, Numar, 152
Total, Vaslui, TOTAL, Anul 2012, Numar, 150
Total, Vaslui, TOTAL, Anul 2013, Numar, 150
Total, Vaslui, TOTAL, Anul 2014, Numar, 155
Total, Vaslui, TOTAL, Anul 2015, Numar, 163
Total, Vaslui, TOTAL, Anul 2016, Numar, 153
Total, Vaslui, TOTAL, Anul 2017, Numar, 154
Total, Vaslui, TOTAL, Anul 2018, Numar, 150
Total, Vaslui, TOTAL, Anul 2019, Numar, 148
Total, Vaslui, TOTAL, Anul 2020, Numar, 148
Total, Vaslui, TOTAL, Anul 2021, Numar, 149
Total, Valcea, TOTAL, Anul 1992, Numar, 841
Total, Valcea, TOTAL, Anul 1993, Numar, 837
Total, Valcea, TOTAL, Anul 1994, Numar, 850
Total, Valcea, TOTAL, Anul 1995, Numar, 841
Total, Valcea, TOTAL, Anul 1996, Numar, 834
Total, Valcea, TOTAL, Anul 1997, Numar, 756
Total, Valcea, TOTAL, Anul 1998, Numar, 772
Total, Valcea, TOTAL, Anul 1999, Numar, 755
Total, Valcea, TOTAL, Anul 2000, Numar, 720
Total, Valcea, TOTAL, Anul 2001, Numar, 737
Total, Valcea, TOTAL, Anul 2002, Numar, 724
Total, Valcea, TOTAL, Anul 2003, Numar, 228
Total, Valcea, TOTAL, Anul 2004, Numar, 228
Total, Valcea, TOTAL, Anul 2005, Numar, 229
Total, Valcea, TOTAL, Anul 2006, Numar, 167
Total, Valcea, TOTAL, Anul 2007, Numar, 168
Total, Valcea, TOTAL, Anul 2008, Numar, 168
Total, Valcea, TOTAL, Anul 2009, Numar, 170
Total, Valcea, TOTAL, Anul 2010, Numar, 147
Total, Valcea, TOTAL, Anul 2011, Numar, 149
Total, Valcea, TOTAL, Anul 2012, Numar, 148
Total, Valcea, TOTAL, Anul 2013, Numar, 153
Total, Valcea, TOTAL, Anul 2014, Numar, 138
Total, Valcea, TOTAL, Anul 2015, Numar, 134
Total, Valcea, TOTAL, Anul 2016, Numar, 131
Total, Valcea, TOTAL, Anul 2017, Numar, 133
Total, Valcea, TOTAL, Anul 2018, Numar, 130
Total, Valcea, TOTAL, Anul 2019, Numar, 129
Total, Valcea, TOTAL, Anul 2020, Numar, 129
Total, Valcea, TOTAL, Anul 2021, Numar, 130
Total, Vrancea, TOTAL, Anul 1992, Numar, 648
Total, Vrancea, TOTAL, Anul 1993, Numar, 650
Total, Vrancea, TOTAL, Anul 1994, Numar, 663
Total, Vrancea, TOTAL, Anul 1995, Numar, 678
Total, Vrancea, TOTAL, Anul 1996, Numar, 678
Total, Vrancea, TOTAL, Anul 1997, Numar, 651
Total, Vrancea, TOTAL, Anul 1998, Numar, 660
Total, Vrancea, TOTAL, Anul 1999, Numar, 633
Total, Vrancea, TOTAL, Anul 2000, Numar, 613
Total, Vrancea, TOTAL, Anul 2001, Numar, 632
Total, Vrancea, TOTAL, Anul 2002, Numar, 611
Total, Vrancea, TOTAL, Anul 2003, Numar, 619
Total, Vrancea, TOTAL, Anul 2004, Numar, 452
Total, Vrancea, TOTAL, Anul 2005, Numar, 194
Total, Vrancea, TOTAL, Anul 2006, Numar, 144
Total, Vrancea, TOTAL, Anul 2007, Numar, 143
Total, Vrancea, TOTAL, Anul 2008, Numar, 139
Total, Vrancea, TOTAL, Anul 2009, Numar, 143
Total, Vrancea, TOTAL, Anul 2010, Numar, 132
Total, Vrancea, TOTAL, Anul 2011, Numar, 127
Total, Vrancea, TOTAL, Anul 2012, Numar, 124
Total, Vrancea, TOTAL, Anul 2013, Numar, 120
Total, Vrancea, TOTAL, Anul 2014, Numar, 128
Total, Vrancea, TOTAL, Anul 2015, Numar, 122
Total, Vrancea, TOTAL, Anul 2016, Numar, 118
Total, Vrancea, TOTAL, Anul 2017, Numar, 116
Total, Vrancea, TOTAL, Anul 2018, Numar, 120
Total, Vrancea, TOTAL, Anul 2019, Numar, 120
Total, Vrancea, TOTAL, Anul 2020, Numar, 120
Total, Vrancea, TOTAL, Anul 2021, Numar, 121
Total, Municipiul Bucuresti, TOTAL, Anul 1992, Numar, 663
Total, Municipiul Bucuresti, TOTAL, Anul 1993, Numar, 688
Total, Municipiul Bucuresti, TOTAL, Anul 1994, Numar, 658
Total, Municipiul Bucuresti, TOTAL, Anul 1995, Numar, 667
Total, Municipiul Bucuresti, TOTAL, Anul 1996, Numar, 667
Total, Municipiul Bucuresti, TOTAL, Anul 1997, Numar, 685
Total, Municipiul Bucuresti, TOTAL, Anul 1998, Numar, 653
Total, Municipiul Bucuresti, TOTAL, Anul 1999, Numar, 570
Total, Municipiul Bucuresti, TOTAL, Anul 2000, Numar, 532
Total, Municipiul Bucuresti, TOTAL, Anul 2001, Numar, 530
Total, Municipiul Bucuresti, TOTAL, Anul 2002, Numar, 534
Total, Municipiul Bucuresti, TOTAL, Anul 2003, Numar, 553
Total, Municipiul Bucuresti, TOTAL, Anul 2004, Numar, 556
Total, Municipiul Bucuresti, TOTAL, Anul 2005, Numar, 559
Total, Municipiul Bucuresti, TOTAL, Anul 2006, Numar, 557
Total, Municipiul Bucuresti, TOTAL, Anul 2007, Numar, 569
Total, Municipiul Bucuresti, TOTAL, Anul 2008, Numar, 564
Total, Municipiul Bucuresti, TOTAL, Anul 2009, Numar, 556
Total, Municipiul Bucuresti, TOTAL, Anul 2010, Numar, 553
Total, Municipiul Bucuresti, TOTAL, Anul 2011, Numar, 546
Total, Municipiul Bucuresti, TOTAL, Anul 2012, Numar, 556
Total, Municipiul Bucuresti, TOTAL, Anul 2013, Numar, 553
Total, Municipiul Bucuresti, TOTAL, Anul 2014, Numar, 579
Total, Municipiul Bucuresti, TOTAL, Anul 2015, Numar, 570
Total, Municipiul Bucuresti, TOTAL, Anul 2016, Numar, 568
Total, Municipiul Bucuresti, TOTAL, Anul 2017, Numar, 626
Total, Municipiul Bucuresti, TOTAL, Anul 2018, Numar, 621
Total, Municipiul Bucuresti, TOTAL, Anul 2019, Numar, 616
Total, Municipiul Bucuresti, TOTAL, Anul 2020, Numar, 597
Total, Municipiul Bucuresti, TOTAL, Anul 2021, Numar, 623
